,start,end,start_frame,end_frame,text
0,0.0,4.46,0,133,I was not breaking news. They're a different basketball team with a healthy hole LeBron James
1,5.88,9.96,176,298,15 games over 500 when he's healthy three games under 500
2,10.52,13.84,315,415,Creates offense for himself and his teammates. They need him
3,14.08,19.72,422,591,They all Jeff step curry what he's done over the past month and a half has been absolutely brilliant
4,19.92,26.84,597,805,He's as valuable as any player in this league. They play great defense and they have the ultimate home run hitter
5,27.56,30.36,826,910,Up beneath the team. It hasn't been easy this season
6,30.72,36.04,921,1081,But both finished up the regular season strong the Lakers ended with a five game winning streak
7,36.76,39.44,1102,1183,And the Warriors ended with a six game winning streak
8,40.76,46.16,1222,1384,Watch out James again with that right ankle nut. He played last couple of games did tweak it on Sunday
9,46.879999999999995,49.36,1406,1480,But he played very well in those final two games
10,50.4,56.44,1512,1693,And here's one of the fun matchups in this series Anthony Davis has to take a tough shot well defended by Draymond Green
11,56.84,58.84,1705,1765,obviously
12,61.32000000000001,66.56,1839,1996,Both teams would love to get the win tonight and give it a little extra time to heal and prepare for their opponent
13,66.68,69.44,2000,2083,As Andrew Wiggins gets inside and gets the bucket
14,70.28,72.76,2108,2182,"To me, he's the key. They need"
15,73.64,77.78,2209,2333,25 from him tonight to be able to score enough to win
16,78.4,80.7,2352,2421,Schroeder nice play and drumming
17,81.46000000000001,85.66,2443,2569,Well a big flush down the other end and that's a welcome sight for Laker fans
18,85.66,92.78,2569,2783,It's not Anthony Davis and LeBron James making every play but you get Schroeder making plays for drumming. They can be dangerous
19,93.3,95.54,2799,2866,Can't face more for three. That's good
20,97.94,101.18,2938,3035,Now Steve Kurt talking before the game knows it's a taunting task
21,101.74000000000001,107.62,3052,3228,"Against a Laker team went healthy. They're as good as anybody in the league, but he also knows just one game"
22,107.62,110.46000000000001,3228,3313,That's all you have to win. This is not a playoff series
23,110.86,112.86,3325,3385,It's a one game and move on
24,114.58,118.46000000000001,3437,3553,Schroeder's jumper ball tipped and taken by Draymond Green
25,123.3,127.0,3699,3810,"On the season Warriors 39 and 33, but they finished"
26,127.82000000000001,133.14000000000001,3834,3994,Winning 15 of their final 20 games in the regular season. Just great basketball as Wiggins
27,133.66,136.82,4009,4104,Knocks down another and he's playing with a lot more confidence. Look at that
28,136.85999999999999,141.85999999999999,4105,4255,They didn't wait for Steph Curry to make a play waved everybody out of the way and took advantage of his matchup
29,142.54,147.73999999999998,4276,4432,James to Davis Davis goes right at Draymond Green again. Well-defended Davis thought he was hit
30,153.74,159.57999999999998,4612,4787,Lakers have not been dominant at home this season clearly a lot of that had to do with missing the two players
31,160.29999999999998,161.82,4808,4854,As Curry pulls back
32,161.85999999999999,167.9,4855,5037,But despite all the misses as Draymond Green kicks it out to Bayes more and Bayes more from the elbow jumper way off
33,168.62,174.54,5058,5236,Looney has to throw it up and then hit the ram and it goes in Kevon Looney very aware of the shot clock about to expire
34,177.82,179.82,5334,5394,But Jeff you talked about
35,179.82,186.82,5394,5604,Without Anthony Davis and LeBron James you were impressed as Schroeder misses impressed the way the Lakers kept being competitive
36,187.18,189.98,5615,5699,Absolutely defensively they remained rock-solid
37,190.14,192.14,5704,5764,They just had some troubles offensively
38,193.22,199.66,5796,5989,But what they've done defensively all year to be the best team in the league at that end is special
39,200.78,206.17999999999998,6023,6185,Curry throws the pass stolen by Anthony Davis and number one rated defensive team
40,207.14,209.14,6214,6274,Davis for three
41,209.94,214.12,6298,6423,"Rebound kept alive by Drummond, but he's gonna be called for a loose ball foul"
42,214.12,217.16,6423,6514,Andre Drummond signed at the end of March after a buyout
43,218.48000000000002,220.48000000000002,6554,6614,with the Cavaliers
44,221.28,227.16,6638,6814,This is his 22nd game started all 21 games average just under 12 points little over 10 rebounds
45,227.88,233.4,6836,7002,But Frank Bogus is still a work in progress trying to get him comfortable and familiar with playing with his new teammates
46,235.48000000000002,237.48000000000002,7064,7124,Curry to Looney
47,237.95999999999998,239.95999999999998,7138,7198,Curry to Looney
48,241.0,245.67999999999998,7230,7370,Curry using a dream on green screen nice feet inside Looney shot blocked
49,246.35999999999999,249.92,7390,7497,Andre Chumman with the rejection Looney was ready to throw it down
50,251.76,253.76,7552,7612,James to Davis
51,253.95999999999998,260.76,7618,7822,James with the tip in with the left hand and Frank Bogus I rate he thought David Davis got fouled again. I thought it was a good block
52,261.28,266.48,7838,7994,Curry flips it up shot to strong Looney back out to base more wide open three
53,269.32,272.03999999999996,8079,8161,And Volga wants a timeout hot start
54,272.84,277.12,8185,8313,Such so many different matchups to look at have fun. Let's let's start with Steph Curry Jeff
55,277.84,281.56,8335,8446,How do the Lakers try and guard him? What do you think their their game plan will be?
56,282.28,287.92,8468,8637,"Well, the thing I think for a great defensive team like the Lakers that they have to avoid is overreacting"
57,287.96000000000004,291.96000000000004,8638,8758,To Curry and leaving others open. That's what's happened to start this game
58,293.64000000000004,298.92,8809,8967,They will mark a big question for Frank Vogel and the Lakers they've got the size advantage
59,298.92,304.08000000000004,8967,9122,They've got the traditional centers Golden State likes to play small ball. How do you handle that? If you're Frank Bogus?
60,304.08000000000004,308.24,9122,9247,"Well to me, I like to see him post up LeBron James. It's a smaller"
61,308.76,315.20000000000005,9262,9456,Wiggins are last possessing base more defending him take advantage of that size and strength creating offense for himself as well
62,315.2,318.03999999999996,9456,9541,For his teammates Wiggins has had a terrific year
63,318.32,322.32,9549,9669,Defensively and the Golden State the fifth rated defense in the NBA this year
64,322.32,327.32,9669,9819,Oh and Wiggins with the block of James has to fire it up and it's the side of the backboard
65,327.32,329.32,9819,9879,Great defensive play from Andrew Wiggins
66,330.84,335.56,9925,10066,"This is a great defensive play coach, but in my opinion LeBron lets him off the hook. He fades away"
67,335.56,337.56,10066,10126,There's no help coming. That's one-on-one
68,337.56,341.84,10126,10255,Beat him on your terms go towards the basket as opposed to fading away from the defense
69,341.84,348.64,10255,10459,Wiggins had a strong finish to the season especially after the all-star break not only the defense but averaging over 20 per game
70,349.44,351.44,10483,10543,Ball deflected by Caldwell-Polk
71,352.15999999999997,355.2,10564,10656,Wiggins guarded by James down the other end knocks down the three
72,356.0,361.67999999999995,10680,10850,Pretty good couple of sequences for Andrew Wiggins to start his play in game. He's had a tremendous year
73,361.67999999999995,365.67999999999995,10850,10970,I mean like when he's the third most important player in the NBA
74,366.64,368.64,10999,11059,He's had a tremendous year
75,368.64,375.12,11059,11253,I mean like when he's the third most important player like he was in Minnesota the year they went to the playoffs when he was there
76,375.52,379.6,11265,11388,It's a perfect role for him. I mean he's played exceptional basketball this year
77,380.32,382.32,11409,11469,Particularly the second half of the year
78,382.64,386.4,11479,11592,Drummond puts it on the floor double team back out to Davis shot clock down a three
79,386.72,393.44,11601,11803,James a three-pointer way off and Draymond bringing the rebound the Lakers have missed nine of their first 11 from the field
80,394.08,399.2,11822,11976,Bazemore running gets it a loony and loony and a hell ball with Anthony Davis
81,399.52,404.8,11985,12144,I'm just thinking about it think about your third best player with the ability to average 20 to 25 points
82,405.04,408.08,12151,12242,You put clay thompson with this unit watch out next year
83,410.14,416.56,12304,12496,"Absolutely, and I give steve kerr a lot of credit he's narrowed his rotation they play eight guys now"
84,416.72,420.42,12501,12612,There's more comfort level. They're an older team. They're experienced
85,421.38,425.3,12641,12759,You don't go far in the nba playoffs playing all young guys
86,425.62,430.76,12768,12922,You saw clay thompson there once that injury changed a lot of plans for the golden state warriors
87,434.5,440.82,13035,13224,James now guarded by basemore wiggins helps out schroeder good ball movement here caldwell pope good luck knocks down the three
88,442.74,447.70000000000005,13282,13431,And that's what they want out of that double team I would rather stunt at anthony davis
89,448.09999999999997,452.58,13442,13577,Stay at home with caldwell pope and make anthony davis shoot and make threes
90,453.14,459.21999999999997,13594,13776,"You see schroeder initially on steve curry. There'll be a number of players james with the deflection, but wiggins able to get it back"
91,460.42,462.34,13812,13870,shock lock down to four
92,462.34,464.34,13870,13930,Wiggins pull up three
93,465.14,471.3,13954,14139,And drummond rips down the rebound drummond one of the premier elite rebounders in the game throughout his career
94,471.7,473.7,14151,14211,Here
95,474.66,477.16,14239,14314,Caldwell pope off balance
96,482.82,486.36,14484,14590,James goes down the lane the runner and draws the foul on basemore
97,491.22,494.90000000000003,14736,14847,"Well, they get the switch and then they double and they full rotate"
98,495.78000000000003,498.42,14873,14952,That's a long closeout by wiggins
99,499.14000000000004,501.46000000000004,14974,15043,"Again, I would have rather stunted off of"
100,502.1,504.26,15063,15127,Caldwell pope and made anthony davis
101,504.90000000000003,506.74,15147,15202,Shoot the long ball
102,506.74,509.38,15202,15281,And mike did we have starting lineups earlier? Yes
103,510.26,516.1,15307,15483,I wish they were sponsored by taco bell and I could have said sponsored by taco fall
104,518.1800000000001,524.5,15545,15735,I'm surprised you waited so long to take your first shot man. You didn't come up for breath. So I I was i've been sitting on that
105,525.46,528.9,15763,15867,James hits the free throw but congratulations to you
106,529.62,536.9,15888,16107,On truly a hall of fame career. It was an honor to be at your induction. Absolutely well deserved and an incredible speech
107,537.38,539.3,16121,16178,You made us proud partner
108,539.3,541.3,16178,16238,"Thank you gentlemen, but this is a fact"
109,541.78,545.94,16253,16378,I couldn't have done it without you man. We don't need to hear that. That's fake hustle man. That's like saying
110,546.74,548.74,16402,16462,curry couldn't have done it without
111,549.14,551.14,16474,16534,jordan bell come on
112,551.78,556.26,16553,16687,"Why can't you just say thank you to as well? Thank you. No, no, you don't mean that don't say thank you"
113,557.6999999999999,559.6999999999999,16730,16790,He's not sincere man. It's about him
114,561.38,563.38,16841,16901,Walker's lead by six
115,563.86,569.86,16915,17095,Truder guarding curry again curry launches a three-pointer that one off the bark for the rebound want to scott. Oh anderson
116,570.34,574.28,17110,17228,Draymond green tries a three that misses drummond falls in another rebound
117,574.28,576.9399999999999,17228,17308,Michael molder also in the game for golem state. Here's baesmore
118,580.6,586.36,17418,17590,"Molder runs to the corner, but baesmore banks it won't go. The scott. Oh anderson misses the tip here comes james"
119,588.52,592.3,17655,17769,Truder corner three james the offensive rebound
120,595.3199999999999,599.4,17859,17982,Quick move inside draws the contact shot won't go but a foul and he will go right down
121,599.88,605.3199999999999,17996,18159,Quick move inside draws the contact shot won't go but a foul and he will go right back to the free throw line
122,605.48,607.16,18164,18214,But I don't want to sound like a broken record
123,607.16,612.68,18214,18380,But that's the type of plays he's got to make especially the way that they're defending him and I understand coming off
124,612.76,614.76,18382,18442,Injuries trying to feel his way through the game
125,614.84,621.0799999999999,18445,18632,"But as we move closer and closer towards getting involved into this game, I expect to see lebron a little bit more aggressive"
126,621.72,627.98,18651,18839,"Now you see those two games the last two of the regular season did tweak again the ankle on sunday, but nothing serious"
127,629.64,631.64,18889,18949,I
128,646.36,653.56,19390,19606,James missing a career high 27 games only played 45 games said those 20 consecutive out with the ankle injury
129,653.56,655.8,19606,19674,I think the whole thing has been pretty exciting
130,656.4399999999999,661.3199999999999,19693,19839,Curry on the drive flips it up back shot is good step curry with his first field goal
131,661.4,666.1999999999999,19842,19985,Coach just look at the size difference between these two teams on the floor right now at every position
132,672.92,674.92,20187,20247,James finds caldwell pull
133,675.7199999999999,677.7199999999999,20271,20331,He's got a little bit of a lead
134,677.88,679.88,20336,20396,James
135,682.12,687.8000000000001,20463,20634,Finds caldwell pope another corner three another one knocking it down paul well pope
136,689.88,691.88,20696,20756,Two for two from three point range
137,696.6800000000001,698.6800000000001,20900,20960,Welcome back to warriors lakers now
138,698.76,703.4,20962,21102,If you see lebron james go to the bench a little more often than usual in this first half
139,703.72,710.36,21111,21310,Coach frank vogel told me that's because the more minutes lebron plays the more his ankle tends to stiffen up
140,710.68,716.92,21320,21507,So they are going to try if they don't fall too far behind here to backload his minutes and keep him under 30 total
141,717.0799999999999,721.88,21512,21656,Now you just saw the playback in march where he got initially hurt. This is where he tweaked it again
142,722.1999999999999,728.76,21665,21862,Just three days ago lebron told us he hasn't stopped thinking about the way this injury derailed his season
143,728.76,734.12,21862,22023,He had to rehab for more than six weeks and said quote I hated every moment of it
144,734.4399999999999,740.12,22033,22203,But mike he said he's ready to move forward and he doesn't anticipate his movement being limited in any real way tonight
145,740.84,744.28,22225,22328,Thank you rachel. You forget how well he was playing
146,744.92,751.24,22347,22537,Prior to the injury how well the lakers were playing prior to the injury to james and davis. They were 21 and six
147,751.78,755.56,22553,22666,Caruso wide open nobody near him and he cans the three
148,755.56,757.56,22666,22726,And they did
149,758.4399999999999,764.68,22753,22940,"On that one stay at home on caldwell pope, but caruso shot the ball very well from three this year"
150,765.3199999999999,767.8,22959,23034,Draymond green gets inside and draws the foul
151,768.5999999999999,770.5999999999999,23057,23117,on andre drummond
152,770.8399999999999,772.8399999999999,23125,23185,And green shaken up
153,777.16,779.7199999999999,23314,23391,Well good stunt by basemore
154,781.0,783.0,23430,23490,But caruso
155,783.08,785.56,23492,23566,Again really improved as a three-point shooter
156,788.36,790.36,23650,23710,So green will go to the line
157,793.32,800.52,23799,24015,"Green has had an outstanding season, especially defensively when he hits the first our upcoming national tv schedule tnt tomorrow"
158,801.4,803.4,24042,24102,indiana and washington
159,805.64,807.16,24169,24214,And that game
160,807.16,812.6,24214,24378,After indiana with the victory washington losing to boston then esp on friday memphis will play the loser of this game
161,812.6800000000001,817.48,24380,24524,It's a nine eastern start and it'll be either in san francisco or here at the staples center
162,818.44,820.44,24553,24613,Tell you indiana played a great
163,821.62,825.24,24648,24757,Offensive game down three of their main guys
164,825.8000000000001,827.32,24774,24819,so bonus
165,827.32,829.0,24819,24870,He's a great
166,829.0,831.1,24870,24933,Great offensive player. Absolutely
167,832.0400000000001,838.9200000000001,24961,25167,They started off great and did not let their foot off the gas pedal davis out to kuzma kyle kuzma montrez harold in the game
168,839.4,844.14,25182,25324,Draymond green on davis one-on-one excellent defense again stolen by basemore
169,846.52,850.28,25395,25508,Basemore goes right at davis throws up a wild shot and draws the foul
170,850.52,857.4,25515,25722,Anthony davis picking up his first that is outstanding defense by draymond green one-on-one against anthony davis for the second time
171,859.88,864.8399999999999,25796,25945,You just you just battle them and you stay in front and don't give them anything easy active hands
172,865.1600000000001,867.1600000000001,25954,26014,You know davis
173,868.2,873.24,26046,26197,Secure your position be disciplined and give your team a chance exactly what he did
174,875.88,877.88,26276,26336,Well basemore in the starting lineup
175,878.12,884.84,26343,26545,As colin state has some injuries kelly ubray still out with the left wrist. He's going to be reevaluated next week
176,885.1600000000001,890.9200000000001,26554,26727,"James wiseman, of course their center out for the season with right knee surgery damien lee also out and of course that man"
177,890.92,894.8399999999999,26727,26845,Second of year can't wait to see him back in uniform running up and down the floor
178,896.12,900.36,26883,27010,"And they need him and you look at this game. For example, the war is not going to win if step curry"
179,900.76,906.12,27022,27183,Doesn't get going at some point the lakers are forcing him to get rid of the basketball where he sees bodies in front of him
180,906.36,909.7199999999999,27190,27291,The skano anderson misses the three called wall pulp the lip in the rebound
181,911.24,916.28,27337,27488,They're doing a good job of keeping two people he comes off a pick and roll. They don't leave him until he gets rid of the basketball
182,917.24,919.64,27517,27589,Stuff curry's taking just three shots so far
183,921.3199999999999,923.8,27639,27714,Mulder some early minutes guarding caruso
184,925.0,930.12,27750,27903,Falwell pope nice screen set by davis step back jumper won't go
185,932.4399999999999,935.3399999999999,27973,28060,Green has been absolutely great defensively
186,937.56,941.3199999999999,28126,28239,Curry against kuzma. There's a double team second turnover by curry
187,942.2,946.2800000000001,28266,28388,Kuzma to caruso drives inside lefty layup is good. It's goes crashing
188,946.5200000000001,950.5200000000001,28395,28515,Frank Vogel again saying where is the whistle lot of contact there?
189,952.2,954.7600000000001,28566,28642,And caruso off the bench with five points
190,957.96,961.0,28738,28830,Active hands come up with the steel and good delivery by kuzma
191,961.5600000000001,964.9200000000001,28846,28947,Russo with the finish that's clearly contact. He should be going to the line
192,966.7600000000001,968.7600000000001,29002,29062,Curry doubled again
193,969.64,972.2,29089,29166,Graham on green fakes davis right there
194,973.96,979.24,29218,29377,Five on the 24 curry fakes the three gets away from davis off one foot too strong
195,980.2,982.12,29406,29463,And here comes kuzma
196,982.12,984.92,29463,29547,Lakers have made it difficult early for steph curry
197,986.12,988.12,29583,29643,kuzma a three-pointer
198,988.84,991.3199999999999,29665,29739,And a loose ball foul is going to go against curry
199,994.28,996.52,29828,29895,"And coach, you know people who say well, how can you get them going?"
200,996.52,1002.12,29895,30063,"Well, you can get them going by getting stops defensively and pushing the basketball is tougher to trap pick and rolls"
201,1003.0,1007.72,30090,30231,"When you're pushing it in transition and a technical foul, I believe on dream on green"
202,1009.0,1011.48,30270,30344,"No, green gosh tibbon saying I don't want to hear it"
203,1013.48,1015.48,30404,30464,Are you now trying to talk?
204,1017.56,1021.0,30526,30630,Whatever happened to the parent that says I don't want to hear and then you still talking they said I said
205,1021.0799999999999,1024.54,30632,30736,I don't want to hear it. That's the end of it. He just gave him an extra candy bar
206,1026.84,1032.44,30805,30973,That foul by the way was on molder not curry as davis hits the technical free throw and now
207,1034.2,1036.2,31026,31086,Much more pleasant conversation
208,1038.36,1041.6399999999999,31150,31249,Josh tibbon and I have a difference of opinion of what no more means
209,1044.52,1048.28,31335,31448,Josh tibbon has become one of the premier officials in the nba in recent years
210,1048.92,1054.68,31467,31640,And you get a technical and since we don't count this as the playoffs it doesn't count against any suspension so you can
211,1055.24,1057.24,31657,31717,These are freebies
212,1057.5600000000002,1059.5600000000002,31726,31786,Shruter in there up top to caruso
213,1061.8,1067.0800000000002,31854,32012,And throws that out of bounds he was talking about the playing stats do not count toward the regular season and do not count
214,1067.16,1071.72,32014,32151,"Toward the playoffs they kind of fade away. I suppose but it's also you know, it's the same for the broadcast"
215,1071.8,1073.4,32154,32202,So whatever you say
216,1073.4,1079.88,32202,32396,"It's okay. You can say whatever you want. It's not it's not recorded. He does that anyway, mike. I'm just saying they should count"
217,1080.8400000000001,1085.0,32425,32550,I saw jason tatum's 50 as molder dumps it counts
218,1085.96,1090.7600000000002,32578,32722,"Put him in the postseason. This is the postseason i'm in agreement with you. I think they're uh,"
219,1090.92,1094.3600000000001,32727,32830,They're trying to figure out what's the best way. I just figured it out for him
220,1094.44,1098.68,32833,32960,I'm just saying what they're thinking curry on the rebound. Oh davis's miss
221,1099.3200000000002,1103.5800000000002,32979,33107,Curry way downtown in and out and davis the rebound
222,1103.58,1105.58,33107,33167,Rebound
223,1107.82,1111.98,33234,33359,"Lakers shooting just 32 from the field, but they're only down by three"
224,1114.06,1120.78,33421,33623,Montrez harold spins flips it up shot won't go tip by kuzma and another offensive rebound which he's been doing all season
225,1122.3799999999999,1124.3799999999999,33671,33731,Schroeder misses the three
226,1124.46,1131.98,33733,33959,And curry the rebound curry averaged a career high five and a half rebounds per game this year gets inside draws the foul counter and one
227,1134.22,1141.74,34026,34252,"And to me, that's the most underrated two things about his game the rebounding aspect and the finishing aspect"
228,1143.5,1145.5,34305,34365,That's just beautiful
229,1146.62,1153.26,34398,34597,Touch around the rim this year and he became the oldest scoring champion in the nba in 23 years
230,1154.3799999999999,1159.76,34631,34792,When michael jordan was 35 he finished the season with 46 points on sunday against memphis
231,1160.72,1165.6,34821,34968,He was just absolutely sensational of course a lot of the talk this week lebron james saying the other day
232,1166.16,1169.6,34984,35088,About stuff curry. He's the mvp. He had the best season all year
233,1169.76,1176.24,35092,35287,"Well, he's had an incredible season and it's it's a joy to cover him and watch him as davis knocks down the little floater"
234,1176.56,1180.8,35296,35424,He was oh for six sanford davis before that shot and it's back to four
235,1182.08,1186.0,35462,35580,But I like what he did instead of posting screen on the ball
236,1186.8,1193.84,35604,35815,And get some space from green want to scott oanderson knocks down a three turns and says something to the fans and runs down the floor
237,1194.4,1198.34,35832,35950,He has one been a one of the great stories this year in the nba
238,1199.6,1203.68,35988,36110,The east oakland native now playing for his team that he grew up rooting for
239,1205.2,1210.0,36156,36300,Schroeder shot blocked to scott oanderson saves it but right to harold blocked by green but a foul
240,1210.64,1212.64,36319,36379,And two free throws coming up for la
241,1216.8,1218.8,36504,36564,See the great ball movement and
242,1220.4,1223.36,36612,36700,Young fella gets it done oakland's finest
243,1224.56,1226.16,36736,36784,Proud to be a warrior
244,1226.16,1231.36,36784,36940,Well this happy ending for him. He just signed a multi-year contract to play for the team again. He
245,1232.96,1238.24,36988,37147,Growing up rooted for his undraft that item are kept back in 2015 took him back to the team
246,1238.24,1244.64,37147,37339,back in 2015 took him five years to get to the nba mexico argentina venezuela the g-league
247,1246.24,1252.88,37387,37586,And he has become so much more than an energy player bob meyers absolutely loves him. He's got terrific skill
248,1253.04,1257.68,37591,37730,He's extremely smart draymond green says he changes the game with his intensity
249,1258.4,1260.4,37752,37812,And steve kurr says I trust him
250,1261.68,1266.16,37850,37984,Been a great story and he's the one guy that can do draymond green type things on the floor
251,1266.48,1269.28,37994,38078,Initiating offense setting screens extra pass
252,1270.4,1272.4,38112,38172,What a find by the warriors
253,1275.44,1277.76,38263,38332,Steve kurr actually calls him a mini dream on green
254,1278.8000000000002,1284.16,38364,38524,"You think I just freestyled that mike? Well, I wanted to give a little credit come on ludi the rebound"
255,1284.96,1286.96,38548,38608,six point warriors lead
256,1287.68,1291.68,38630,38750,And it's about a five second difference between the shot clock and game clock
257,1296.24,1298.24,38887,38947,Very just two for six to start
258,1300.0,1302.0,39000,39060,Mulder wiggins
259,1302.5600000000002,1308.96,39076,39268,Rebound shrewder final seconds no fouls to give here shrewder ahead to davis davis three pointers up shot short
260,1310.48,1315.68,39314,39470,Welcome back to the state farm nba play-in tournament. I'm rachel nichols here with coach steve kurr
261,1316.16,1319.3600000000001,39484,39580,Great start you guys got out to steve. What was working for you?
262,1320.0,1323.2,39600,39696,"Well, I thought our defense was really good rachel and it's been good"
263,1323.28,1328.16,39698,39844,"You know the last few weeks and that's uh, that's what we have to play off of so our guys did a good job"
264,1328.64,1331.92,39859,39957,What's your approach to the size disadvantage that your team has here tonight?
265,1332.64,1339.28,39979,40178,"Well, we just got to make sure everybody's engaged all the time and and you know keeping everyone off the glass. They're they're obviously"
266,1339.8400000000001,1341.68,40195,40250,Uh much bigger and stronger than we are
267,1341.68,1346.72,40250,40401,But if we're active and we're boxing out with all five guys we can hold our own. Thanks so much steve
268,1347.1200000000001,1350.9,40413,40527,Back to you mike. Thank you rachel fifth turnover for golden state
269,1353.44,1359.8400000000001,40603,40795,James five points in that first quarter taylen horton tucker out there with james shrewder kuzma and harold
270,1360.8,1364.72,40824,40941,Horton tucker straight on three. That's good. This young man's having
271,1365.52,1368.72,40965,41061,"An excellent season in terms of taking some steps, but the three-pointer"
272,1369.44,1372.96,41083,41188,Has been at times a struggle for him nice shot there and it's a three-point game
273,1375.68,1377.68,41270,41330,Jordan pull the floater
274,1378.16,1384.3200000000002,41344,41529,Looney's follow misses harold the rebound no curry no green with james on the floor
275,1385.3600000000001,1387.3600000000001,41560,41620,This is going to be a challenge
276,1387.52,1389.04,41625,41671,James drives
277,1389.04,1394.64,41671,41839,"Can't get it. Yeah, kavan looney grabs another rebound seven rebounds already for kavan looney. They'll need him"
278,1395.2,1396.96,41856,41908,with the size advantage
279,1396.96,1398.96,41908,41968,of the lakers
280,1401.68,1406.88,42050,42206,Mulder catch and shoot that's good three-pointer for molder. He can shoot the second year guard from kentucky
281,1407.1200000000001,1409.6000000000001,42213,42288,"Well, you look at this unit on the floor for the warriors right now"
282,1409.6000000000001,1415.2,42288,42456,No curry or green but they have the ability to compete at a high level spread the floor and they have shooting all around
283,1415.7600000000002,1419.92,42472,42597,shooter drives shooter misses looney grabs another defensive rebound
284,1422.5600000000002,1426.2600000000002,42676,42787,And interestingly they have to skano anderson on shrewder
285,1426.26,1428.26,42787,42847,For
286,1432.34,1435.14,42970,43054,Pool has it eight to shoot to skano anderson
287,1436.1,1441.46,43083,43243,Not that time fight for the rebound. Come on looney nine rebounds now already another three
288,1442.34,1444.34,43270,43330,Mulder can't get it to go
289,1448.98,1452.18,43469,43565,Six-point goal in state league were two minutes into the second
290,1452.66,1453.8600000000001,43579,43615,Game
291,1453.8600000000001,1459.0600000000002,43615,43771,They played each other three times warriors won the first game lakers two blowouts after that
292,1459.0600000000002,1462.02,43771,43860,But both teams obviously so radically different now
293,1468.3400000000001,1470.3400000000001,44050,44110,Kuzma
294,1471.38,1475.46,44141,44263,And it hit one of the wires atop the backboard so it's golden state ball
295,1475.46,1477.46,44263,44323,All
296,1479.54,1482.74,44386,44482,Stuff curry talking about the the warriors he said back in
297,1483.38,1489.6200000000001,44501,44688,"In february march it was a little bleak, but he's so proud of the way this team just kept fighting and he says now"
298,1489.6200000000001,1491.6200000000001,44688,44748,We've given ourselves a chance
299,1491.8600000000001,1496.42,44755,44892,To make this season matter curry and green the leadership they showed
300,1497.78,1499.78,44933,44993,And the warriors turned it around
301,1500.26,1502.26,45007,45067,The skano anderson feet inside
302,1503.3799999999999,1509.94,45101,45298,Looney shot in and out lebron james rips down the rebound. That's outstanding possession though great ball movement making place for one another
303,1509.94,1512.8999999999999,45298,45386,Just wasn't able to finish at skano anderson
304,1513.46,1515.46,45403,45463,Like you mentioned before mark can really
305,1516.26,1518.26,45487,45547,pass and make plays
306,1518.26,1520.26,45547,45607,montrez harold
307,1520.26,1524.82,45607,45744,Foul by looney and the former six-man winner with the clippers will go to the line
308,1526.66,1528.66,45799,45859,It is not but an easy shot
309,1528.66,1534.26,45859,46027,It has not been an easy adjustment for montrez harold last year played so well for the la clippers this year
310,1534.26,1539.6200000000001,46027,46188,He's had some some good stretches his numbers are solid not playing as many minutes not getting as much touches
311,1540.5800000000002,1545.3000000000002,46217,46359,But it's been inconsistent at times. Well three centers makes it a challenge for the coaching staff
312,1545.94,1548.1000000000001,46378,46443,and for the three players
313,1548.1000000000001,1552.18,46443,46565,And I think the thing if i'm if i'm harold my mentality has got to be
314,1552.8200000000002,1554.98,46584,46649,The way I got paid and made it in this league
315,1555.54,1559.14,46666,46774,I gave great energy great effort great enthusiasm from day one
316,1559.38,1562.74,46781,46882,So I was a difference maker because of the way I went about my business
317,1562.74,1565.7,46882,46971,He's got to get back to being that then he's a handful to defend
318,1566.82,1569.78,47004,47093,And I think it's interesting too. I think the challenge going forward
319,1570.5,1573.22,47115,47196,For the coaching staff is at times last year
320,1574.18,1579.6200000000001,47225,47388,They played with as a free throw rebounds given up. They played with anthony davis at center
321,1580.5,1582.5,47415,47475,So now that they have three other centers
322,1582.74,1586.5,47482,47595,Do you ever get back to that lineup right it's basically four centers that
323,1587.22,1592.34,47616,47770,All feel they deserve time horton tucker goes inside flips it up and an offensive foul is called
324,1594.9,1599.54,47847,47986,Horton tucker picks up the personal frank vogel obviously disagrees with the call
325,1601.06,1603.06,48031,48091,Horton tucker wants to see the replay
326,1606.26,1608.26,48187,48247,Not a lot there
327,1608.42,1610.66,48252,48319,"To me, that's not a defensive foul"
328,1611.3000000000002,1613.3000000000002,48339,48399,But it's not an offensive foul either
329,1614.02,1619.22,48420,48576,Pull to wiggins wiggins trying to slam a shot block horton tucker right there minimum of the rim and then a foul
330,1620.26,1622.26,48607,48667,As wiggins goes crashing to the floor
331,1624.26,1626.42,48727,48792,I like wiggins trying to attack like that
332,1630.74,1632.74,48922,48982,Attacking the rim
333,1633.3000000000002,1635.3000000000002,48999,49059,Good job of going vertical
334,1635.94,1637.94,49078,49138,But I like like you talked about here
335,1638.9,1641.22,49167,49236,They need him to be aggressive on the offensive end
336,1642.26,1644.26,49267,49327,Foul was on caruso
337,1644.74,1646.74,49342,49402,Caruso picks up his first
338,1648.8200000000002,1655.14,49464,49654,Here's pool and pool is fouled before any shot attempt cruiser trying to fight over the screen picks up his second
339,1656.18,1658.18,49685,49745,And I agree with the lakers defensively right now
340,1658.18,1663.54,49745,49906,You have to treat jordan pool the way you treat steph curry with that first unit because he's a guy that can get hot
341,1663.78,1665.78,49913,49973,And then the rim opens up for him
342,1666.1,1668.8999999999999,49983,50066,Pull the last six games average 20 a game
343,1669.7,1672.02,50091,50160,He had a career high 38 last week
344,1672.66,1677.24,50179,50317,And with curry on the bench frank vogel said he's kind of taken over the like the cj mccullum
345,1677.62,1682.02,50328,50460,Roll in terms of when lillard goes to the bench mccullum has to score they need pool to score
346,1682.74,1684.74,50482,50542,Not that time as kuzma gets the rebound
347,1686.1,1688.8999999999999,50583,50666,Not that he was comparing him to cj mccullum
348,1690.1,1692.6,50703,50778,Horton tucker short on the three
349,1695.78,1697.78,50873,50933,Six
350,1703.86,1705.86,51115,51175,Here's pool inside the yard
351,1709.46,1711.46,51283,51343,Six on the 24
352,1711.78,1713.78,51353,51413,Wiggins against caruso
353,1713.78,1719.86,51413,51595,Nice spin move and finish from andrew wiggins. He's got nine points. He has a great right to left spin
354,1719.86,1721.86,51595,51655,And
355,1724.9799999999998,1726.34,51749,51790,Arl
356,1726.34,1728.9799999999998,51790,51869,Knocked away ball picked up to scott oanderson
357,1729.62,1732.58,51888,51977,Two on one break goes right at lebron james and finishes
358,1733.6999999999998,1735.6999999999998,52010,52070,And a timeout call by frank vogel
359,1736.58,1741.9399999999998,52097,52258,They got a lot of doubt down there. We got we got a lot of belief good job guys. Good quarter. Good quarter
360,1742.6599999999999,1746.34,52279,52390,Holding on the boards defending without fouling all good stuff
361,1746.34,1747.54,52390,52426,Good job
362,1747.54,1752.8999999999999,52426,52586,"He has been proud of this team talked about, you know disjointed early obviously the injury to clay thompson"
363,1753.62,1757.86,52608,52735,He said but they've come together really well as the season went on he kept telling the team late in the season
364,1757.86,1762.98,52735,52889,We're gonna go on a run. We're gonna go on a run and they finished 15 and five in those last 20 games
365,1764.82,1767.54,52944,53026,And I like how wiggins is picking up full court
366,1768.1,1774.98,53043,53249,On occasions james drives gets inside block by to scott oanderson knocked out of bounds still laker ball
367,1776.34,1778.34,53290,53350,That's a good one
368,1780.74,1783.6999999999998,53422,53510,This is just good verticality boy this kid is tough
369,1786.02,1794.26,53580,53827,Warriors have five block shots already james gets inside bank shot missed it ball tipped out to scott oanderson pushing it up the floor
370,1794.26,1796.26,53827,53887,And it's a good one
371,1797.54,1799.54,53926,53986,Good one
372,1800.58,1802.58,54017,54077,Good one
373,1804.58,1810.9,54137,54327,Mulder pull to scott oanderson out there with looney and wiggins wiggins fires a three way off
374,1811.62,1816.42,54348,54492,And it's laker ball and you look at this game right now with seven minutes to go on in the second quarter
375,1816.98,1820.5,54509,54615,One team is getting after it like they want it and the other team is in chill mode
376,1820.5,1825.38,54615,54761,To advance to sunday kuzma gets that one to go prior to that shot the lakers were shooting
377,1826.16,1828.74,54784,54862,24% from the field they had missed eight shots in a row
378,1830.02,1833.96,54900,55018,That's a very strong assertive move by kuzma
379,1838.66,1845.64,55159,55369,Wiggins to looney to scott oanderson can't get the three montrez harold with the board
380,1845.64,1851.0,55369,55530,James finds montrez harold inside and throws it down in a crowd
381,1853.0,1855.0,55590,55650,This first field goal
382,1857.64,1859.64,55729,55789,And a timeout call by steve kerr
383,1861.24,1867.3200000000002,55837,56019,The warriors are shooting 38 percent 29 from three and steve curry has five points
384,1868.76,1872.76,56062,56182,You know both these teams their defense has been a big part of their success
385,1872.76,1876.76,56182,56302,As we mentioned lakers number one defensive rating and the warriors number five
386,1879.72,1884.68,56391,56540,Pull goes right at drummond layup is good tough shot from jordan pull
387,1886.04,1892.04,56581,56761,Lakers looking to push the other way steve kerr talked about that. He wants his team to really push the tempo tonight
388,1893.4,1895.4,56802,56862,Truder gets some room
389,1895.8799999999999,1897.8799999999999,56876,56936,Davis tries the three
390,1898.6000000000001,1900.6000000000001,56958,57018,Davis tries the three
391,1902.6000000000001,1906.2800000000002,57078,57188,Davis and not shot the ball well from three since his return from the camp injury
392,1908.2,1911.5600000000002,57246,57346,Curry finds some room gets inside draws the foul banker won't go
393,1911.5600000000002,1916.2,57346,57486,"He's mad at himself, but he'll get two free throws and that's two straight pick and rolls"
394,1916.8400000000001,1922.92,57505,57687,That drummond has been ineffective in defending. He's got to get down a little bit lower. He has great feet
395,1924.92,1926.92,57747,57807,He can do this
396,1927.88,1931.2600000000002,57836,57937,But he can't reach and get himself out of position
397,1933.3200000000002,1939.3400000000001,57999,58180,Curry has talked this year. It's the best he's felt physically and the best he is seeing the game this year
398,1947.24,1949.24,58417,58477,And the year off last year
399,1950.1200000000001,1951.48,58503,58544,Might have helped
400,1951.48,1956.44,58544,58693,That as well only five games played with a broken hand. There's no question it re-energized him
401,1956.76,1961.72,58702,58851,You know players will talk about this guys who play in the finals year after year the grind of that lebron james
402,1961.72,1967.0,58851,59010,That's one of the unbelievable things about what he's able to do. It's almost like another season
403,1968.04,1970.04,59041,59101,And it has recharged him
404,1975.48,1980.04,59264,59401,Dennis shrewder trying to get going still looking for his first field goal throws it away green with the steel
405,1981.24,1983.24,59437,59497,That's great pick and roll defense
406,1983.72,1984.68,59511,59540,I mean
407,1984.68,1986.68,59540,59600,That's superior
408,1987.4,1992.04,59622,59761,Ability to play to play the ball handler and play the role man
409,1995.5600000000002,2003.42,59866,60102,You see shrewder he's got to come off the score green stunning at him and recovering that's beautiful that's outstanding
410,2007.0800000000002,2010.68,60212,60320,Steve kurt talks about all the time. He knows what the opponent is running
411,2010.68,2014.8400000000001,60320,60445,He blows up opponents plays all the time nice feet inside but basemore rushed it
412,2015.3200000000002,2021.9,60459,60657,Although davis's presence had something to do with that caldwell pope three-pointer short right back to him up top to shrewder
413,2025.48,2029.24,60764,60877,Caldwell pope pass inside broke it up basemore this time got a hand on it
414,2029.88,2034.3600000000001,60896,61030,Boy active hands again from the warriors pool explodes to the rim and finishes
415,2035.0,2041.0,61050,61230,Jordan pull his second field goal and it's back to a 10-point warriors lead the lakers have 30 points
416,2041.32,2043.4799999999998,61239,61304,And there's under five to play in the first half
417,2049.72,2051.72,61491,61551,Shrewder fakes
418,2051.96,2055.24,61558,61657,Caruso barely had his hand knocks down the three
419,2055.48,2060.52,61664,61815,I'm looking at that last possession anthony davis has kent basemore on him and comes out the center high screen and roll
420,2060.7599999999998,2063.18,61822,61895,"A side screen and roll. Oh, give me the basketball"
421,2063.8199999999997,2066.22,61914,61986,It's your time to be a little bit more aggressive
422,2067.74,2074.22,62032,62226,The skynow anderson basemore fakes drives on caruso leans in on drum and flips it up way off
423,2079.4199999999996,2085.18,62382,62555,And an offensive foul is going to be called on anthony davis and frank bogle hot once again
424,2086.46,2090.48,62593,62714,Well right now jaymond green is putting on a master's class on how to defend
425,2093.18,2098.06,62795,62941,He has taken anthony davis out of the ballgame now. That's that's that's just a smart play
426,2098.46,2100.46,62953,63013,He puts himself in position to take the hit
427,2100.8599999999997,2107.5,63025,63225,But he is in the head of anthony davis thus far and some join going on right now and a technical foul
428,2107.66,2109.66,63229,63289,Hand it out double technical
429,2111.2599999999998,2116.54,63337,63496,John goble came in I believe it's on davis and toscano anderson the warriors are saying why is it a double technical?
430,2117.18,2119.18,63515,63575,You
431,2120.14,2124.7,63604,63740,Dream on green you don't want to get caught in this you already have a technical foul yourself
432,2126.3,2129.74,63789,63892,"So it is on davis, but the other one's on pool jordan pool"
433,2132.06,2138.56,63961,64156,That's like the old line when the nca got really mad at kentucky they put cleveland state on probation
434,2139.12,2140.56,64173,64216,I
435,2140.56,2145.7599999999998,64216,64372,For three his first three pointer of the half and from way downtown
436,2146.96,2148.96,64408,64468,And it makes it a 10-point game again
437,2149.68,2152.32,64490,64569,But davis is now at the five position
438,2155.04,2157.04,64651,64711,And lebron james back in
439,2158.4,2162.2599999999998,64752,64867,Schroeder 0 for 7 that's james garnevi toscano anderson
440,2162.26,2164.26,64867,64927,Leans in excellent defense throws it away
441,2168.26,2173.38,65047,65201,"Boy this colin state defense as you said mark, they're putting on a clinic here in the first half"
442,2174.42,2176.42,65232,65292,five to shoot for the lakers
443,2185.6200000000003,2189.38,65568,65681,Caruso shot clock winding down and pool with a foul
444,2189.62,2195.48,65688,65864,Shot clock winding down and pool with a foul with 3.4 remaining on the shot clock
445,2195.96,2197.96,65878,65938,First personal
446,2216.04,2222.6,66481,66678,Davis gets that one to go just his second field goal. He was one for nine prior to that. It's an eight-point game
447,2223.48,2229.96,66704,66898,"Despite the horrific shooting by the lakers, especially their stars again. They're only down eight curry another three"
448,2230.52,2233.3199999999997,66915,66999,Back to back threes for step curry now. He's got 12
449,2235.16,2237.64,67054,67129,And this equals the largest lead of the first half
450,2241.3199999999997,2246.7799999999997,67239,67403,Wiggins back in now curry switches on james the two former mvps
451,2247.02,2249.02,67410,67470,Davis
452,2251.34,2253.34,67540,67600,Davis against wiggins
453,2254.86,2258.0800000000004,67645,67742,Davis settles for the jump shot in the rebound to scott oanderson
454,2260.1400000000003,2263.92,67804,67917,Green beautiful pass ahead to scott oanderson stripped by caldwell pope
455,2267.1800000000003,2269.1800000000003,68015,68075,Schroeder tries a three
456,2269.34,2273.7400000000002,68080,68212,And then schroeder still without a field goal james to davis davis block green got a piece of it
457,2274.46,2276.46,68233,68293,And the warriors go the other way
458,2277.7400000000002,2281.82,68332,68454,Another forced turnover by golden state curry gets inside blocked by schroeder
459,2282.38,2285.02,68471,68550,Here comes caruso the other way caruso
460,2285.82,2287.82,68574,68634,Almost tried an alley-oop to himself
461,2288.38,2293.26,68651,68797,"Somehow managed to get the layup to go. He did alley-oop it to himself got away with it, which is fine"
462,2294.7000000000003,2296.5400000000004,68841,68896,You can throw it up
463,2296.5400000000004,2299.6600000000003,68896,68989,But i'll tell you what green not giving james a dunk
464,2300.46,2301.82,69013,69054,to me is
465,2301.82,2303.82,69054,69114,next level intelligence
466,2304.78,2311.82,69143,69354,Draymond green cross court to pull pull for three knocks it down a three-pointer for golden state
467,2313.7400000000002,2318.7000000000003,69412,69561,Now the golden state warriors showing once again why they've been one of the best defensive teams
468,2319.26,2324.94,69577,69748,In the nba this season led by dream on green and guys you got to figure you've watched so much basketball
469,2325.42,2329.6600000000003,69762,69889,He's one of the smartest defensive players i've seen in in all my years covering the nba
470,2330.3,2333.34,69909,70000,"Well, I had the privilege of coaching him so i'm well aware from day one"
471,2333.9,2336.1400000000003,70017,70084,His instincts his intelligence
472,2336.76,2338.76,70102,70162,superior
473,2339.1800000000003,2341.1800000000003,70175,70235,True to the drive
474,2341.42,2347.02,70242,70410,"Nearly another forced turnover, but caldwell pope has it and a whistle and a foul. Let's check in with rachel"
475,2347.5800000000004,2352.94,70427,70588,"Mike, this is so interesting according to all the tracking data. We have now if you look over the past eight years"
476,2353.5,2356.86,70605,70705,No one has defended anthony davis on more plays than yep
477,2357.2400000000002,2362.86,70717,70885,Draymond green so draymond told me that that means there's no surprises ad knows all of his little tricks
478,2363.1,2367.7400000000002,70893,71032,He knows all of anthony's instead. He said quote what it's going to boil down to in this game
479,2367.82,2371.1800000000003,71034,71135,It boils down to heart it boils down to who wants it more
480,2371.42,2375.82,71142,71274,It boils down to who can outthink the guy other guy on a particular play
481,2376.2200000000003,2379.9,71286,71397,He said it's not that I will go ahead and say I don't know what he's capable of
482,2380.3,2383.58,71409,71507,I know what he's capable of draymond said it's can I stop him?
483,2383.98,2388.3,71519,71649,"And as you guys have noted tonight, we've seen a clinic draymond's been doing that work mike"
484,2389.1000000000004,2392.78,71673,71783,Thank you rachel as wiggins picks up the foul james hits the free throw
485,2393.82,2399.26,71814,71977,He just seems to shine come playoff time. He lives for these type of games these type of matchups
486,2399.42,2401.9,71982,72057,But you know what? He knows also coach. He knows that
487,2403.02,2407.34,72090,72220,And it's his advantage here. It comes down to heart and it's no disrespect to anthony davis
488,2407.34,2413.1800000000003,72220,72395,But he he has a fight his chance in that situation if it boils down to talent. It's anthony davis all day long
489,2413.18,2415.18,72395,72455,So
490,2415.5,2419.74,72465,72592,Lakers shooting 30 from the field 29 from three
491,2420.3799999999997,2426.96,72611,72808,And they have 38 points with a minute and a half to play in the second curry three-pointer too strong rebound caruso
492,2435.18,2437.18,73055,73115,Davis comes back to caruso
493,2438.06,2442.16,73141,73264,Pull all over caruso and his headband knocked now james and wiggins
494,2443.8999999999996,2451.2599999999998,73316,73537,Caldwell pope corner three is up shot no good and wiggins with a rebound and great blockout by tuscano
495,2451.48,2453.74,73544,73612,Anderson you don't see blocking out
496,2454.3799999999997,2461.8999999999996,73631,73856,But he eliminated davis's size with that blockout wiggins nice turnaround shot wouldn't go james looks to lead the break the other way
497,2462.14,2466.94,73864,74008,Pass inside caruso layup tough shot able to get it off the glass caruso
498,2467.2599999999998,2471.02,74017,74130,Is their leading score and their only player double figures with 12?
499,2471.2599999999998,2474.78,74137,74243,And that's a good sign of you the golden state warriors game plan this
500,2475.58,2478.38,74267,74351,And I like this lineup with davis at five
501,2479.34,2481.98,74380,74459,A lot more from a spacing standpoint
502,2483.74,2485.2599999999998,74512,74557,Pull across cart
503,2485.2599999999998,2492.46,74557,74773,Tuscano anderson with five to shoot and hits the three-pointer lontus. Cotto anderson eight points off the bench
504,2494.86,2497.74,74845,74932,Back to 12 with 25 seconds remaining
505,2498.7,2501.5,74961,75045,The three leading scores for the la lakers
506,2501.8999999999996,2505.66,75056,75169,James davis intruder three for 27 from the field
507,2506.62,2511.58,75198,75347,True to the drive layup is good tough shot. He finally gets one to go. He was 0 for 8
508,2512.7799999999997,2515.74,75383,75472,And i'm not allowing stef curry to play one-on-one in this situation
509,2518.54,2521.58,75556,75647,Either are they curry step back three
510,2522.14,2524.14,75664,75724,Bang at the buzzer
511,2524.62,2532.96,75738,75988,Bang at the buzzer stef curry from downtown and the warriors will take a 13-point lead into halftime
512,2537.74,2539.74,76132,76192,What a first half for golden state
513,2541.0,2546.64,76230,76399,Defensively putting on a clinic and then curry coming alive from three-point range in the second period
514,2554.62,2559.42,76638,76782,"Baysmore steps back three-pointer way off rebound looney, but he's called for a push"
515,2560.06,2563.98,76801,76919,Looney by the way had 11 rebounds in that first half as he picks up his second
516,2564.62,2571.02,76938,77130,Coach if I was dennis truda lebron james anthony davis looking at what we talked about the impact in that first half
517,2571.2599999999998,2576.54,77137,77296,I'd cut off the coach the coach's speech in the locker room at halftime and I look and say i've got to be better
518,2576.7799999999997,2579.9,77303,77397,I've got to do a better job of taking care of my business
519,2580.3799999999997,2582.3799999999997,77411,77471,Forget about what's on the board
520,2583.1,2589.42,77493,77682,Again considering those numbers. They're fortunate to be only down by 13 as we've seen in the nba
521,2590.46,2593.42,77713,77802,13 points is not a huge deficit to overcome
522,2594.1400000000003,2597.1,77824,77913,And the shot clock's down to four shrewder drives on wiggins
523,2598.3,2599.9,77949,77997,and a foul
524,2599.9,2601.9,77997,78057,I'll take it on the side
525,2602.3,2604.2200000000003,78069,78126,We'll send it over to rachel
526,2604.2200000000003,2609.26,78126,78277,"Well, mike i'm told there was plenty of excitement as the warriors piled into the locker room coming off that great"
527,2609.5,2611.26,78285,78337,Step shot to close the first half
528,2611.26,2617.82,78337,78534,But i'm also told it only lasted about 15 seconds and then steve kerr got everyone to buckle down and refocus
529,2618.1400000000003,2623.42,78544,78702,"No major adjustments for the warriors, but he did tell the team prepare for the lakers to make some runs here"
530,2623.5,2629.42,78705,78882,They're a championship team. We just have to weather them. Meanwhile over on the lakers side the coaching staff told players
531,2629.5800000000004,2636.38,78887,79091,"They got to be more physical against this warrior squad. They do have that size advantage, but they also told the guys just relax"
532,2636.5400000000004,2638.5400000000004,79096,79156,we're missing wide open shots just
533,2639.18,2641.82,79175,79254,Ease into it here. These are shots that you can make mike
534,2643.42,2647.5,79302,79425,Thank you rachel this dream on green picked up the foul initially josh tiven said
535,2648.22,2652.38,79446,79571,"It was on the floor, but talked with his fellow officials. They changed it to the act of shooting"
536,2652.46,2655.1,79573,79653,"No, he got bullied by lebron james into asking"
537,2655.58,2661.98,79667,79859,"No, that's a that's the real deal. That's another way of putting it and they changed the call and i'm not saying it wasn't the right call"
538,2662.62,2664.62,79878,79938,I'm saying that's why
539,2664.62,2672.24,79938,80167,They discussed it and I would have a different message for the lakers. I wouldn't say relax. I would say we're too relaxed
540,2674.22,2676.22,80226,80286,Let's do something
541,2676.94,2682.7,80308,80481,"No doubt warriors look like the hungry team curry saves it, but right to shooter on an erin pass from green"
542,2683.9,2685.58,80517,80567,And here comes james
543,2685.58,2690.54,80567,80716,James gets into the paint mid-range jumper shot won't go looney another rebound quick outlet to curry
544,2691.42,2694.54,80742,80836,Curry to basemore attacks the rim layup shot. No good
545,2699.9,2702.48,80997,81074,Golden state looking to push it every opportunity
546,2703.82,2708.86,81114,81265,Truder draws the foul shot won't go but step curry will pick up his second personal
547,2709.9,2713.02,81297,81390,"And that's been a problem for golden state all year, which is"
548,2713.66,2715.66,81409,81469,fouling too much
549,2716.3,2718.22,81489,81546,And to start this half
550,2718.22,2723.8999999999996,81546,81716,They haven't made them make shots. They put truder to the line twice truder missed 14
551,2724.7799999999997,2728.62,81743,81858,Days down the stretch with the health and safety protocols played the last two games
552,2728.7,2731.68,81861,81950,But his conditioning is far from where it should be
553,2748.22,2750.22,82446,82506,I
554,2752.2999999999997,2757.4199999999996,82568,82722,Truder led the team in scoring when lebron james was out mark. They need him to be super aggressive
555,2758.3599999999997,2765.2,82750,82956,Absolutely out of pick and rolls in transition at their best. He's that third option and at times carries them offensively
556,2765.98,2770.4599999999996,82979,83113,Curry to green green try to jam it. James and drummond right there james
557,2770.9399999999996,2775.18,83128,83255,Down the other end lamp block a foul count it and one still went down
558,2775.66,2780.46,83269,83413,And a chance for a three-point play and suddenly it's just a seven-point game with a free throw
559,2781.18,2783.66,83435,83509,The coach a recipe for disaster if you're the warriors
560,2784.46,2790.72,83533,83721,Allowing the lakers to get to the free throw line turning the basketball over and giving them easy opportunities in transition
561,2792.46,2795.02,83773,83850,Sometimes teams in this league frustrate me
562,2795.8199999999997,2800.06,83874,84001,But what the utah jazz just did by giving out
563,2801.0,2802.62,84030,84078,52
564,2802.62,2804.62,84078,84138,full ride scholarships
565,2804.7799999999997,2806.7799999999997,84143,84203,to underserved kids
566,2807.1,2809.42,84213,84282,Is a home run that the whole league
567,2810.14,2812.14,84304,84364,Should adopt absolutely
568,2812.7799999999997,2815.8199999999997,84383,84474,When the players were calling the kids I looked at that video
569,2816.46,2817.2599999999998,84493,84517,and
570,2817.2599999999998,2821.02,84517,84630,I was absolutely so proud of utah
571,2822.14,2824.8599999999997,84664,84745,And the players I just thought it was brilliant
572,2825.74,2830.7,84772,84921,So special for those young men and women as wiggins spins and backs at home
573,2830.7,2831.8999999999996,84921,84956,Again
574,2831.8999999999996,2834.9399999999996,84956,85048,Back up to eight for golden state warriors have led the entire game
575,2835.58,2837.58,85067,85127,Lakers have not led the largest lead
576,2838.46,2839.98,85153,85199,Is 13
577,2839.98,2844.22,85199,85326,Right now 57 49 caldwell pope to james james kicks it out
578,2845.8199999999997,2850.54,85374,85516,Caldwell pope off the bounce running lap is good sweet. Oh from contiguous caldwell pope
579,2850.62,2853.98,85518,85619,He's got eight points and I like that offensive set by
580,2855.2599999999998,2858.06,85657,85741,Los angeles having james as the screener
581,2858.7799999999997,2864.54,85763,85936,When he's the screener it is really hard to guard pick and roll sorry behind the back flips it up and whittles short
582,2864.7,2870.48,85941,86114,As davis grabs the rebound and especially the screener with curry involved that puts you in the dilemma defensively
583,2873.5,2876.62,86205,86298,James to davis davis three-pointer won't go
584,2878.54,2883.82,86356,86514,Lakers just five of 19 from downtown golden state has hit twice as many threes
585,2883.82,2887.82,86514,86634,D
586,2893.1000000000004,2898.38,86793,86951,Green upset after the turnover the caldwell pope will shoot a couple of free throws
587,2901.1000000000004,2904.78,87033,87143,But again what we're talking about a team that's struggling to score you're giving them opportunities
588,2905.2400000000002,2911.1800000000003,87157,87335,Carelessness on the offensive end by the warrants and they're already the lakers are already in the penalty
589,2911.5,2913.5,87345,87405,So they're shooting the rest
590,2913.58,2919.34,87407,87580,Of the quarter while la hasn't committed a team foul golden state already five team fouls
591,2920.3,2922.3,87609,87669,In caldwell pope's numbers
592,2924.3,2927.9,87729,87837,One of these teams tonight will earn the seventh seed in the west and the right to
593,2928.14,2934.38,87844,88031,Get into the nba playoffs and you can watch the nba playoffs starting saturday on abc esbn tnt
594,2935.1,2937.1,88053,88113,And nba tv the winner tonight
595,2937.98,2939.98,88139,88199,Will face phoenix
596,2940.3,2945.34,88209,88360,That game one will be sunday time to be determined in phoenix against the sons
597,2947.34,2951.5,88420,88545,Just a spectacular season they finished second utah finished one
598,2953.7400000000002,2955.7400000000002,88612,88672,These two teams in the playing
599,2956.54,2958.3,88696,88749,shrewder against
600,2958.3,2963.98,88749,88919,Wiggins playing physical wiggins spins tied up shot clock at five green another turnover
601,2963.98,2965.98,88919,88979,For
602,2966.22,2968.22,88986,89046,As davis brings it into the front court
603,2969.1,2972.06,89073,89161,Back up shrewder puts up the three puts it in
604,2972.7,2975.1,89181,89253,Dennis shrewder just his second field goal
605,2975.82,2977.82,89274,89334,And it's a one-point game
606,2977.98,2981.9,89339,89457,You get into rhythm at the free throw line. So he caught a rhythm at the free throw line
607,2983.42,2985.42,89502,89562,And now he knocks in the three
608,2985.9,2987.9,89577,89637,And a foul down the other end
609,2987.98,2992.56,89639,89776,Crowd doesn't like it. There's about 6 000 fans here at the staple center tonight
610,2994.38,2996.38,89831,89891,And this is just a wide open
611,2996.62,3001.34,89898,90040,Catch and shoot three and mike you mentioned 6 000 fans. I also love
612,3002.06,3007.98,90061,90239,That they have they were able to get more fans because they have what a vaccinated section. Yep. I I love that
613,3009.42,3012.22,90282,90366,Curry step back three pointer and his foul
614,3013.1,3018.14,90393,90544,Shrewder commits the personal that's going to be his first and curry will shoot three free throws
615,3018.14,3024.4,90544,90732,And I thought he kicked out his leg I would really think about challenging that
616,3030.3799999999997,3032.7999999999997,90911,90983,He does get into that landing area
617,3035.2599999999998,3042.06,91057,91261,And mike you talked about the winner playing the phoenix suns want to say congratulations to coach monty williams who the coaches
618,3042.7,3044.7,91281,91341,"Uh, I think he's a little bit more of a"
619,3044.7,3047.2599999999998,91341,91417,Relation to coach monty williams who the coaches
620,3047.98,3048.8599999999997,91439,91465,uh
621,3048.8599999999997,3054.2999999999997,91465,91628,Voted him as the coach of the year. Yep his season in nba a job well done and an award well deserved
622,3055.3999999999996,3062.22,91661,91866,Absolutely terrific job and I love their whole team attitude. They weren't trying to to manipulate the standings. They
623,3062.8599999999997,3064.8599999999997,91885,91945,Whoever comes our way comes our way
624,3066.14,3069.18,91984,92075,How about the season chris paul has had for that team?
625,3070.46,3072.46,92113,92173,Meanwhile these two coaches
626,3072.54,3074.54,92176,92236,A little chess match right now
627,3075.7400000000002,3078.38,92272,92351,Curry hits all three lead back up to four
628,3079.1,3081.02,92373,92430,18 points for curry
629,3081.02,3083.34,92430,92500,As a successful coach in this league for so many years
630,3083.7400000000002,3088.62,92512,92658,"Did you ever try to manipulate the standings and see who he was going to match up with? No, I just"
631,3089.58,3092.94,92687,92788,I had a like just whether I was right or wrong that whole
632,3093.58,3094.78,92807,92843,Karma
633,3094.78,3098.54,92843,92956,As anthony davis takes another three. I just didn't believe in it
634,3098.94,3103.58,92968,93107,"If you want to if you're if you're a championship mentality, I just think you got to play everybody"
635,3104.54,3109.02,93136,93270,Blocked by looney drum and try to get it to go. He thought he was fouled again
636,3109.02,3112.86,93270,93385,The initial draymond green defense on davis forced him to pass it
637,3113.42,3115.42,93402,93462,Wiggins step back jumper got it
638,3115.82,3120.7799999999997,93474,93623,Andrew wiggins now with 13 points about the move by wiggins. That's not an easy shot
639,3121.34,3123.58,93640,93707,"No, but he's got that right to left spin"
640,3123.58,3134.06,93707,94021,One on one with lebron james who's just two of nine from the field jumper is good
641,3136.06,3141.1,94081,94233,He's got to look at it like it's disrespectful as good to defend as wiggins is you're gonna play me one on one
642,3141.66,3144.06,94249,94321,Recognize who I am take it personal
643,3145.9,3152.62,94377,94578,Schroeder gets right up into curry curry splits the defense dangerous pass stolen by caldwell pope
644,3153.9,3155.9,94617,94677,That's nine turnovers
645,3156.06,3157.98,94681,94739,now for the warriors
646,3157.98,3161.8199999999997,94739,94854,Four of them already here in his third quarter. We played just five minutes
647,3162.86,3164.86,94885,94945,Schroeder baseline jumper is short
648,3172.38,3174.38,95171,95231,Curry triple team finds looney
649,3175.34,3180.4,95260,95412,Touched past to basemore corner three is good basemore with his third three-pointer
650,3181.2000000000003,3187.92,95436,95637,And now frank vogel wants a timeout the lead right back up to seven the 11 three-pointer for golem state
651,3190.2400000000002,3192.1600000000003,95707,95764,You know what i'd like to
652,3192.1600000000003,3193.6800000000003,95764,95810,the sweatsuits
653,3193.6800000000003,3197.2000000000003,95810,95916,That the warriors are wearing with paying homage to oakland
654,3198.1600000000003,3200.48,95944,96014,That's pretty that's pretty good. I love that
655,3203.6,3208.8,96108,96264,Drummond hands off caldwell pope and double team him davis swings it now schroeder across the lane
656,3209.28,3211.2000000000003,96278,96336,Shot clock down to seven
657,3211.2000000000003,3215.84,96336,96475,Truder giving some room hesitated shot clock at two caruso on the drive
658,3216.5600000000004,3218.5600000000004,96496,96556,On the pull-up shot way off
659,3218.96,3224.2400000000002,96568,96727,And a 24 second violation another excellent defensive sequence from golden state
660,3225.52,3230.48,96765,96914,But I thought shrewd of cooperating he had a couple of shots that he turned down instead of being aggressive
661,3231.04,3233.04,96931,96991,And i'll tell you what I find interesting
662,3233.2,3234.56,96996,97036,Didn't they say
663,3234.56,3241.12,97036,97233,Before the game that they wanted to limit lebron james to 28 or 30 minutes. He only has eight minutes left
664,3241.84,3245.7599999999998,97255,97372,"Well, he's sitting right now. He played 17 and a half minutes in the first half"
665,3246.56,3248.56,97396,97456,And 22 overall so
666,3253.6,3257.44,97608,97723,Wiggins against caruso wiggins nice feet inside looney gathers
667,3258.0,3265.04,97740,97951,"And throws up a shot off the glass just his second field goal, but looney's played some excellent defense that he has 12 rebounds"
668,3266.0,3269.6,97980,98088,And they missed him earlier in the possession by green on a slip
669,3271.44,3276.5,98143,98295,Drummond across the lane flips it up and in four points for drummond
670,3276.98,3278.98,98309,98369,So
671,3285.46,3290.84,98563,98725,Curry gets away from the double team continues left-handed off the glass won't go chipped in by kavan looney
672,3294.34,3299.16,98830,98974,Looney part of those championship teams. He's got the corporate knowledge
673,3304.02,3306.26,99120,99187,Drummond calling for one-on-one with looney
674,3306.5,3310.66,99195,99319,Spins in the paint falls down lost it and basemore foul by shrewder
675,3312.02,3314.34,99360,99430,And if i'm the warriors you're doing me a favor
676,3314.9,3320.42,99447,99612,"Posting up drummond against looney. I know he scored the last possession, but if i'm anthony davis"
677,3321.06,3323.62,99631,99708,I've got to look to be aggressive and demand the basketball
678,3324.18,3330.34,99725,99910,This is not this is not a winning recipe coach. I I I agree if you can get them to post drummond
679,3331.86,3333.86,99955,100015,That plays away from their strength
680,3333.86,3335.86,100015,100075,"But again, I like this"
681,3335.86,3339.1600000000003,100075,100174,inserting the highly intense west matthews
682,3339.7000000000003,3346.7400000000002,100191,100402,And putting anthony davis at the center position matthews his first minutes tonight curry long distance hits a three step curry
683,3346.98,3350.26,100409,100507,His fourth three-pointer of the game. It's back up to a dozen
684,3351.7000000000003,3359.3,100551,100779,Toscano anderson and molder back in now stripped by green and stolen ball loose picked up by curry knocked out of his hands by caruso
685,3360.42,3362.42,100812,100872,caldwell pope to caruso
686,3363.38,3366.1800000000003,100901,100985,Cross-court matthews matthews for three
687,3366.98,3368.98,101009,101069,Talk about an instant contribution
688,3369.86,3376.98,101095,101309,And that's a huge turn of events up 12 all the momentum going in transition curry turns it over and then a three
689,3377.3,3379.7000000000003,101319,101391,Caruso steal on that an important play
690,3380.5,3385.06,101415,101551,And then a foul called on caldwell pope frank vogel irate again
691,3387.14,3391.78,101614,101753,I'm looking at the sideline and you see greatness and drake and michael b jordan just
692,3392.34,3395.1400000000003,101770,101854,Shaking their head at chef curry with the shot
693,3395.86,3398.5800000000004,101875,101957,And the response caruso to matthews
694,3399.46,3401.1400000000003,101983,102034,Knocked down shot
695,3401.1400000000003,3403.1400000000003,102034,102094,Giving the lakers life
696,3403.38,3405.38,102101,102161,Matthews in his first year and there they are
697,3408.1000000000004,3413.6200000000003,102243,102408,Did it court side draymond green blocked by davis anthony davis sensational defensive play
698,3416.34,3419.6200000000003,102490,102588,And green usually gets a layup of game off that fake
699,3420.58,3425.06,102617,102751,To curry davis calling for it gets it inside shots good and one
700,3425.8599999999997,3428.74,102775,102862,Davis at both ends and a chance for a three-point play
701,3430.18,3434.8199999999997,102905,103044,Coach here's what you're talking about putting davis at the five so the screen and roll takes draymond green off him
702,3435.14,3440.98,103054,103229,Puts a smaller anderson on him. He can have his way gets the contact and the finish well and there's room to move
703,3441.7799999999997,3443.06,103253,103291,and post
704,3443.06,3445.22,103291,103356,Here he starts it off. That's a tremendous
705,3445.8599999999997,3449.56,103375,103486,"Block shot, but it starts with the lineup construction"
706,3450.58,3453.4599999999996,103517,103603,That with four perimeter players surrounding davis
707,3454.1,3456.1,103623,103683,He can go in there without drummond
708,3456.66,3459.14,103699,103774,Or another center clogging it up
709,3460.18,3465.7,103805,103971,Anthony davis only 36 games played during the regular season missed 36
710,3466.74,3468.8199999999997,104002,104064,30 of them with that right calf
711,3468.8199999999997,3473.7,104064,104211,He was starting to show signs last final games of the season at that 42 point game against phoenix
712,3474.1,3476.8999999999996,104223,104306,"He has struggled so far tonight, but still a long way to go"
713,3479.2999999999997,3484.3399999999997,104378,104530,"Six point warriors lead four minutes to play pass inside to curry missed the layup, but a foul"
714,3484.58,3490.7599999999998,104537,104722,We got to show that that that is brilliance moving without the basketball and not a foul a goaltending
715,3492.02,3494.8199999999997,104760,104844,That's right marks of two points for curry. It's just so good
716,3497.14,3500.4199999999996,104914,105012,If more guys were willing to move at the speed
717,3501.06,3505.2400000000002,105031,105157,And the consistency of curry they'd be rewarded too matthews misses
718,3510.1,3517.56,105303,105526,Curry stumbles a bit now keeps his dribble alive against davis lost it ball deflected and a backcourt violation
719,3520.02,3522.02,105600,105660,Well curry's been loose with the ball
720,3522.82,3525.7000000000003,105684,105771,"This quarter, but this is brilliant comes off the initial screen"
721,3526.34,3529.14,105790,105874,Sets it up like he's going to come off the stagger back cuts
722,3529.7799999999997,3531.7799999999997,105893,105953,Now that's just
723,3532.74,3534.42,105982,106032,Well anthony davis was saying you know
724,3534.42,3538.3399999999997,106032,106150,Usually when a guy gives up the ball the defender can relax a little bit he goes
725,3538.42,3542.02,106152,106260,But that's when steph curry is his most dangerous after he gives up the ball
726,3542.8199999999997,3548.1,106284,106443,I know I said it before but think about it you add clay thompson who moves in a similar form and fashion
727,3548.42,3550.8199999999997,106452,106524,The pressure that they put on your defense collectively
728,3551.46,3553.46,106543,106603,Is unmatched in the history of this game?
729,3554.42,3556.98,106632,106709,Matthews to davis scarred by to skano anderson
730,3557.7,3559.7,106731,106791,Green looking to help
731,3560.1,3562.58,106803,106877,Davis spins contested shot way off
732,3563.46,3566.34,106903,106990,That one hit the side of the backboard and green gets the rebound
733,3567.54,3575.54,107026,107266,a well-timed double team by green on the baseline side davis now three for 16 to skano anderson pass to basemore
734,3578.5,3583.46,107355,107503,A lot of contact over in the far side basemore 3.01 go davis the rebound
735,3583.86,3585.86,107515,107575,Under three to play here on the third
736,3589.86,3594.42,107695,107832,Alex caruso goes all the way blocked by green basemore the other way
737,3597.54,3601.14,107926,108034,Treymon green again just putting on a defensive clinic
738,3603.14,3607.38,108094,108221,Plus six assists five rebounds gets inside layup. He missed it
739,3608.02,3611.2200000000003,108240,108336,Ball knocked out of bounds still golden state ball green thornton
740,3611.22,3614.12,108336,108423,Bound still golden state ball green thought he was fouled
741,3618.8199999999997,3620.8199999999997,108564,108624,As caruso turn in the corner
742,3622.02,3623.7799999999997,108660,108713,Sees green
743,3623.7799999999997,3629.54,108713,108886,That's outstanding defense and help by draymond green has been doing it all night long. That's his third block
744,3632.18,3634.8199999999997,108965,109044,Warriors have eight to shoot jordan pool has come in
745,3636.8199999999997,3638.8199999999997,109104,109164,Lebron james back in
746,3641.22,3648.4199999999996,109236,109452,Pass inside to wiggins stolen by james. That's the seventh turnover here in the third. They only had five the first half kuzma to davis
747,3649.62,3653.62,109488,109608,The fast break can be lethal for the lakers and they've cut the deficit to six
748,3653.9399999999996,3658.8999999999996,109618,109766,And the warriors lose this game. They're going to look at this quarter and recognize this is where it happened
749,3659.52,3661.52,109785,109845,carelessness on the offensive end
750,3662.4199999999996,3667.3199999999997,109872,110019,Another turnover but warriors get it back wiggins for three
751,3671.54,3677.9399999999996,110146,110338,Under two to play third quarter here in this playing game kuzma backdoor layup is good
752,3680.3399999999997,3682.3399999999997,110410,110470,Timeout golden state
753,3689.4599999999996,3694.2,110683,110826,This one has been terrific the marquee matchup of the plan is not disappointed
754,3694.8399999999997,3702.12,110845,111063,Curry tied up gets it inside the green green to wiggins wiggins hard off the glass won't go the tip is up and good
755,3706.7599999999998,3712.2999999999997,111202,111368,Boy wiggins playing with a force tonight at both ends. He's got 15. It's a six-point warriors lead
756,3719.16,3721.5,111574,111645,Matthew's cuts looking for davis
757,3721.5,3723.74,111645,111712,James three pointer puts it in
758,3724.62,3726.62,111738,111798,his first three pointer
759,3726.86,3732.14,111805,111964,"Of the night and it's a three-point game, but you look at the post-up play what wiggins had on one on one he shoots a"
760,3732.78,3736.78,111983,112103,Fade away one leg is shot now knocks down a three. That's good defense sometimes
761,3736.78,3742.54,112103,112276,"You just got to give credit to greatness. Oh curry beautiful pass, but wiggins couldn't handle it and kuzma comes the other way"
762,3744.78,3746.78,112343,112403,Lobbitt and davis throws it down
763,3746.78,3750.7000000000003,112403,112521,Boy is it fun to hear a large crowd the noise of that once again
764,3752.1400000000003,3754.1400000000003,112564,112624,curry on the drive
765,3755.34,3759.34,112660,112780,Curry for three that's good step curry from way downtown
766,3759.9,3763.82,112797,112914,"His fifth three pointer of the night, you know how tough a shot that was"
767,3764.5400000000004,3767.82,112936,113034,That's good. That's good. That's good. That's good. That's good. That's good
768,3768.86,3772.6200000000003,113065,113178,That's good. That's good. That's good. That's good. That's good. That's good
769,3772.62,3777.2599999999998,113178,113317,"Downtown his fifth three pointer of the night, you know how tough a shot that was"
770,3778.7799999999997,3781.74,113363,113452,I mean other great nba players
771,3783.1,3790.38,113493,113711,Can't shoot that he is one of a kind on that type of pass it sprint catch and fire
772,3791.98,3796.38,113759,113891,James back door to caruso another back door cut leads to a layup
773,3797.2599999999998,3799.5,113917,113985,But there's more space on the floor now
774,3800.22,3802.3,114006,114069,That the traditional center is out
775,3803.34,3809.26,114100,114277,And so there's more cutting avenues no fouls to give here for the lakers dream on green wide open for three
776,3813.5,3818.78,114405,114563,Welcome back to the state farm nba play-in tournament here with coach frank vogel frank
777,3818.86,3824.7,114565,114741,What do you attribute that lockdown defense in the third quarter? You really forced a bunch of warriors turnovers
778,3825.4199999999996,3829.66,114762,114889,"Yeah, defensively pretty good most of the night, um, you know, we ratcheted it up a little bit in that quarter"
779,3829.74,3833.02,114892,114990,We know that steph's quarter to get going still hit a few bombs on us
780,3833.1,3834.7799999999997,114993,115043,"Uh, you know, we gotta live with that"
781,3834.7799999999997,3839.3399999999997,115043,115180,"But you know our guys are motivated and you know, we we take pride in number one defense in the league and we're gonna mean"
782,3839.3399999999997,3845.4199999999996,115180,115362,It's not a stretch here do or die fourth quarter a playoff berth on the line. You've got step curry on the other side
783,3845.5,3847.5,115365,115425,What do you tell your guys got to execute?
784,3847.58,3851.5,115427,115545,"Okay, just that's what you got to worry about execute our defensive coverages and get a good shot every time down"
785,3851.74,3853.74,115552,115612,Thank you so much
786,3854.14,3861.02,115624,115830,"All right, rachel james the rebound after the beautiful feed to davis to tie the game opening minute here fourth quarter"
787,3861.8999999999996,3863.18,115856,115895,warriors
788,3863.18,3865.5,115895,115965,Largest lead was 13 early in the third
789,3866.7,3869.9799999999996,116001,116099,And the warriors did a good job when curry and green rested
790,3870.62,3878.22,116118,116346,"In the first half, but this is danger zone right now james inside bank shot missed it and kavan looney could not quite hold on"
791,3879.1,3881.58,116373,116447,And it's laker ball with 14 now on the shot clock
792,3881.74,3889.34,116452,116680,And I love this substitution of draymond green coming back in that's just a beautiful pass to davis
793,3890.54,3893.42,116716,116802,You need to match greens minutes with davis
794,3897.42,3901.8199999999997,116922,117054,Kuzma trying to get free and they lob it into kuzma over pull lays it up and in
795,3902.06,3904.2999999999997,117061,117128,And the lakers with their first lead of the night
796,3907.42,3910.54,117222,117316,How long does steve kerr leave step curry out of this ballgame
797,3911.66,3915.58,117349,117467,That's the ninth assist from lebron james
798,3916.22,3918.22,117486,117546,molder to pull
799,3918.7799999999997,3921.8199999999997,117563,117654,Bull's been excellent off the bench down the stretch of the regular season
800,3922.46,3924.46,117673,117733,"Now, this is a whole different ballgame"
801,3925.58,3931.66,117767,117949,Mulder harassed and stolen by caruso the turnovers continue to mount in the second half for the warriors
802,3932.86,3936.62,117985,118098,And this is where wiggins was stationary that entire possession
803,3937.42,3939.2599999999998,118122,118177,He's got to be great
804,3939.26,3946.5600000000004,118177,118396,When curry rests james drives on toscano anderson lay up banks at home timeout golden state
805,3961.5800000000004,3968.38,118847,119051,Wiggins battling with matthews matthews an excellent defender throughout his career wiggins trying to draw foul didn't get the whistle
806,3968.78,3973.82,119063,119214,We said a lot about the lake the warriors turning the ball over you got to give credit to this lake of defense
807,3973.82,3979.5,119214,119385,They have increased the value and I think it starts with who you're playing. So west matthews
808,3980.46,3983.42,119413,119502,He has been intense as james goes in with the reverse
809,3985.82,3987.82,119574,119634,And there's more room on the floor
810,3989.7400000000002,3996.94,119692,119908,A six-point lead. That's a 19-point turnaround here on the second half curry looking toscano anderson driving layup
811,3997.7400000000002,4000.2200000000003,119932,120006,Offensive foul james draws the charge
812,4001.58,4003.82,120047,120114,And davis falls on top of them
813,4007.7400000000002,4012.38,120232,120371,And I think steve kerr may be challenging this and that's a block
814,4014.14,4016.14,120424,120484,And it is going to be a challenge
815,4018.38,4022.64,120551,120679,So they'll challenge those guys will get up and we'll see what happens
816,4022.8799999999997,4025.2999999999997,120686,120758,Eight points five rebounds off the bench
817,4029.6,4033.2,120888,120996,It's only the 11th and 12th free throws of the game for golin state
818,4034.96,4036.96,121048,121108,Second half so far
819,4037.2799999999997,4041.12,121118,121233,They haven't played montrez harrell. They haven't played
820,4042.0,4045.8599999999997,121260,121375,Horton tucker they've gone with a very tight rotation
821,4053.52,4056.0,121605,121680,Steve kerr has only played eight players
822,4057.44,4061.3599999999997,121723,121840,His team trails by five two and a half gone by in the fourth caruso the drive
823,4062.56,4067.44,121876,122023,Davis the tip won't go to scott oanderson a rebound again draymond green contesting the shot
824,4071.8399999999997,4073.8399999999997,122155,122215,Curry back into green
825,4076.64,4081.8399999999997,122299,122455,Davis on curry green pass tried to thread the needle and turned it over
826,4083.44,4088.08,122503,122642,I had beautiful feed to matthews good transition defense though from the warriors
827,4090.0,4092.0,122700,122760,Kuzma the drive can't finish
828,4096.88,4099.92,122906,122997,Wiggins barrels into matthews offensive foul
829,4101.12,4104.32,123033,123129,"Boy, what a call from frank vulgar to get west matthews off the bench"
830,4104.4,4106.4,123131,123191,He has really had an impact as a coach
831,4106.72,4112.24,123201,123367,You have to have guys that you trust that when is when it matters most I know exactly what they're going to do
832,4112.64,4115.92,123379,123477,And west matthews has been proven to be a competitor at an elite level
833,4116.4800000000005,4121.280000000001,123494,123638,And a guy that has no quit and he has come out and got it done on a defensive end especially
834,4121.360000000001,4126.160000000001,123640,123784,This is why they signed him. It's his first year with the lakers. He's 34 his 12th year in the league
835,4126.240000000001,4130.0,123787,123900,The lakers are his seventh team. He's always been an excellent defensive player
836,4130.64,4132.400000000001,123919,123972,tough fearless
837,4132.400000000001,4134.400000000001,123972,124032,rob palinka
838,4134.4800000000005,4139.52,124034,124185,Wanted to bring him for these kind of games. There's certain matchups. You need him defensively. He can also hit a three
839,4139.52,4141.52,124185,124245,three
840,4141.52,4143.52,124245,124305,Competitors only apply
841,4143.6,4147.4400000000005,124308,124423,It's hard to find great competitors west matthews is
842,4148.96,4153.4400000000005,124468,124603,Davis jump shot got it anthony davis has come alive in the second half
843,4155.84,4157.84,124675,124735,The laker lead is seven
844,4159.6,4161.6,124788,124848,Curry for three answers
845,4162.320000000001,4164.240000000001,124869,124927,Steph curry with a six three pointer
846,4164.32,4170.48,124929,125114,He's got 29 so they clear the whole side eliminate the help and allow step curry to win his matchup one on one
847,4170.5599999999995,4173.2,125116,125196,And caruso was substituted out of the game
848,4174.48,4180.4,125234,125411,Curry on davis isolated there on the elbow wiggins looking to help pool comes over to help
849,4182.0,4187.12,125460,125613,Matthews inside kuzma shot clock at four kuzma tough fall away shot in and out
850,4188.24,4190.5,125647,125715,Now the fight for the rebound goes to draymond green
851,4190.5,4194.82,125715,125844,Curry on the drive scoop layup. He banks it home. Oh what a sweet move from curry
852,4196.34,4198.34,125890,125950,31 points and it's a two-point game
853,4204.9,4207.86,126146,126235,And pool just pushing matthews out of the way
854,4208.58,4211.78,126257,126353,That's going to be the first team foul here on the fourth
855,4211.78,4217.06,126353,126511,No caruso harassing him truda inserted into the game step curry knocks down to three gets a rhythm
856,4217.14,4223.620000000001,126514,126708,Spectacular finish before the contest an efficient game for curry 10 of 18 from the field six of nine from three
857,4225.3,4230.580000000001,126759,126917,Davis left alone for three got it anthony davis his first three pointer of the night
858,4230.580000000001,4236.34,126917,127090,He was 0 for five and it's back to a five-point laker lead get a couple layups get a dunk
859,4237.14,4239.14,127114,127174,And now the jump shot becomes a little bit
860,4239.14,4243.14,127174,127294,Easier he struggled from three-point range all season long
861,4245.14,4247.14,127354,127414,Just 26 percent
862,4247.9400000000005,4253.860000000001,127438,127615,Well good find by james as green tries to take away the role
863,4257.22,4260.18,127716,127805,Always chatting away his traymonde green
864,4261.3,4263.3,127839,127899,He's trying to get the ball in the net
865,4263.3,4266.1,127899,127983,Always chatting away his traymonde green
866,4267.62,4273.22,128028,128196,Curry gets free drives inside scoop layup missed it. He thought he was hit steve kurr is furious
867,4273.78,4276.18,128213,128285,Here's james the other way long three-pointer
868,4277.54,4279.54,128326,128386,Carams out to molder
869,4280.820000000001,4287.7,128424,128631,Jordan pull all beautiful crossover tried to jam it ball knocks loose out of bounds and it's going to be warriors ball
870,4289.06,4291.06,128671,128731,That would have been quite the highlight for james
871,4291.46,4294.1,128743,128823,That would have been quite the highlight for jordan pull
872,4296.5,4300.84,128895,129025,I'm giving him a point just for the move and he got fouled
873,4307.700000000001,4309.700000000001,129231,129291,How is that not a foul
874,4310.26,4315.88,129307,129476,Why are you looking at me i'm not reffing wiggins pull on the inbound and it's back to three
875,4321.06,4324.26,129631,129727,Truder brings it up with 643 remaining
876,4326.42,4328.42,129792,129852,Lebron james sitting right now
877,4332.740000000001,4337.860000000001,129982,130135,"Well, he's at his minute limit I wonder if we'll see him again entry pass knocked away by draymond green"
878,4338.26,4341.9400000000005,130147,130258,Pull ahead to wiggins wiggins drives floats it up shot is good
879,4342.56,4346.52,130276,130395,19 points for wiggins and it's back to one timeout la
880,4346.52,4348.52,130395,130455,Great
881,4348.52,4351.56,130455,130546,Marv albert the greatest basketball announcer of all time
882,4352.280000000001,4356.46,130568,130693,For his impact on aspiring broadcasters is immeasurable
883,4357.3,4358.76,130719,130762,Congratulations. Thanks
884,4358.76,4361.240000000001,130762,130837,For a spectacular career marv albert
885,4362.200000000001,4367.72,130866,131031,And i'm one of those guys three years with marv albert as a partner congratulations legend
886,4368.92,4372.4400000000005,131067,131173,Paul misses screen dives kuzmino comes up with it
887,4373.0,4378.86,131190,131365,Just past the midway point of the fourth truder draws the foul shot won't go
888,4383.799999999999,4387.08,131513,131612,I'm just trying to imagine you as a head coach of the lakers right now
889,4387.16,4391.719999999999,131614,131751,What the looks you would be giving lebron james like basically asking him. Are you are you ready yet?
890,4392.04,4394.44,131761,131833,"No, I wouldn't be giving him dirty looks i'd be giving that"
891,4395.16,4398.04,131854,131941,Whoever's in charge of the minutes police i'd be like
892,4399.0,4400.2,131970,132006,Come on now
893,4400.2,4402.2,132006,132066,We'll give him off tomorrow
894,4402.28,4404.12,132068,132123,in the next day
895,4404.12,4406.28,132123,132188,As caruso is going to come back in
896,4407.32,4409.32,132219,132279,to the game
897,4409.48,4412.5199999999995,132284,132375,Truder has struggled tonight just two of 11 from the field
898,4413.32,4415.5599999999995,132399,132466,But hits the free throw lakers back up to
899,4417.16,4423.08,132514,132692,"Now caruso will come in and matthew sits 11 minutes for matthews, but he made his presence felt"
900,4425.16,4427.96,132754,132838,I think the key obviously was the lakers activity
901,4428.5199999999995,4431.96,132855,132958,But I think frank vogel found for this game
902,4432.5199999999995,4436.04,132975,133081,Davis at five playing huge minutes already up to 36
903,4437.16,4439.16,133114,133174,And going to west matthews
904,4440.04,4442.04,133201,133261,Was a huge factor
905,4442.599999999999,4444.599999999999,133277,133337,In their swarming defense
906,4445.639999999999,4447.639999999999,133369,133429,Truder goes one for two
907,4449.5599999999995,4451.5599999999995,133486,133546,Caruso back in the guard curry
908,4452.92,4458.5199999999995,133587,133755,Finds wiggins wiggins gets inside draws the contact and banks at home chance for a three-point play
909,4459.4800000000005,4462.52,133784,133875,Big plays from wiggins on both ends of the floor tonight
910,4464.360000000001,4468.860000000001,133930,134065,And unselfishness of steve curry takes the double team gets rid of the basketball
911,4469.160000000001,4473.8,134074,134214,Wiggins aggressive turns the corner and if you're anybody on the lake is not defending curry
912,4474.040000000001,4477.56,134221,134326,You have to fold all the way over so he doesn't have ability to catch and finish
913,4478.280000000001,4479.72,134348,134391,Wiggins wants to
914,4479.72,4481.56,134391,134446,Get the victory get back into playoffs
915,4481.56,4485.4800000000005,134446,134564,He's only been in the playoffs once in his first six years in the league that was
916,4485.959999999999,4488.919999999999,134578,134667,Five games in the first round with minnesota in 2018
917,4490.04,4495.799999999999,134701,134873,He has had a terrific season. He's played 71 of the 72 games in the regular season and here in the plan
918,4496.36,4499.08,134890,134972,21 points on 10 of 18 from the field
919,4499.719999999999,4502.839999999999,134991,135085,He's available every game every year. He plays
920,4503.4,4506.36,135102,135190,All the time as durable as any player in this league
921,4507.5599999999995,4512.5199999999995,135226,135375,Kuzma back out to shrewder shot clock at three puts up the three shot won't go one of the foul
922,4512.76,4515.64,135382,135469,Davis the offensive rebound back up and banks it home
923,4517.160000000001,4519.160000000001,135514,135574,But there's an awful lot of contact
924,4519.64,4525.8,135589,135774,"Not just on the shot, but also davis's rebound and finish anthony davis discarded people curry reverse"
925,4526.52,4531.660000000001,135795,135949,With the english off the glass a little more magic from steve curry. He's got 33
926,4532.92,4535.160000000001,135987,136054,And lebron james is coming back in
927,4536.84,4540.84,136105,136225,Shrewder drives inside caruso missed the layup curry the rebound
928,4543.400000000001,4545.400000000001,136302,136362,Curry to wiggins
929,4546.52,4549.8,136395,136494,"Jordan pull nope, they wave it off an offensive foul"
930,4550.280000000001,4552.76,136508,136582,I want to say on the screen set by draymond green
931,4553.320000000001,4555.580000000001,136599,136667,Not allowing the chase down contest
932,4559.240000000001,4561.240000000001,136777,136837,James will return
933,4562.4400000000005,4564.4400000000005,136873,136933,Three fouls on green
934,4564.44,4566.44,136933,136993,James
935,4570.44,4577.0,137113,137310,Incredibly davis was not giving up on the play so his effort to try to get to the shooter force that call
936,4578.5199999999995,4583.639999999999,137355,137509,That's 12 second half turnovers for golin state. They only had five in the first half
937,4584.5199999999995,4586.599999999999,137535,137597,They led by 13 at halftime
938,4587.08,4588.36,137612,137650,Lakers have
939,4588.36,4593.4,137650,137802,Taken the lead here on the fourth. They've led by as many as seven right now all tied with four and a half to play
940,4594.44,4596.44,137833,137893,the first half
941,4597.16,4603.24,137914,138097,This is a tough play to guard the curl by davis davis knocked away another steal from draymond green
942,4603.96,4605.96,138118,138178,And molder in the front court
943,4606.36,4612.44,138190,138373,Three steals three blocks for green curry on the drive gets inside foul on jumper. No good
944,4614.5199999999995,4618.28,138435,138548,11 rebounds for davis to go with 21 points
945,4619.24,4621.24,138577,138637,Yes
946,4622.2,4624.2,138666,138726,Mulder up and into shrewder
947,4625.16,4631.08,138754,138932,"Drives layup shot is good. Oh, what a tough shot from shrewder and draymond green wanted to push off"
948,4635.96,4639.42,139078,139182,Green's got to be careful with the referees. He already has a technical tonight
949,4642.679999999999,4644.679999999999,139280,139340,Gets the pass from curry
950,4644.92,4646.92,139347,139407,Pull for three puts it in
951,4647.4800000000005,4652.52,139424,139575,Warriors back up by one and that's where green is great you blitz curry
952,4655.32,4658.4400000000005,139659,139753,And you get it to green and he plays four on three
953,4659.96,4664.36,139798,139930,He's a great great decision maker and it may boil down to just that
954,4664.84,4672.36,139945,140170,Other guys not named curry making shots being ready and aggressive because the lakers are forcing curry to get rid of the basketball
955,4673.16,4678.92,140194,140367,Dennis shrewder tries drives on wiggins flips it up shot. No good rebound rebound draymond green
956,4679.639999999999,4681.639999999999,140389,140449,And here come the warriors up one
957,4682.44,4684.44,140473,140533,with 315 remaining
958,4686.2,4689.48,140586,140684,Curry fakes curry drives floats it up banks at home
959,4690.92,4692.92,140727,140787,Timeout lakers
960,4693.5599999999995,4698.86,140806,140965,Here's the upcoming national tv schedule tnt tomorrow indiana and washington
961,4699.42,4703.82,140982,141114,At eight eastern for the right to get into the playoffs then the espn on friday
962,4704.219999999999,4708.94,141126,141268,Memphis winning earlier tonight against san antonio will play the loser of this game
963,4709.98,4715.099999999999,141299,141452,And it'll be at nine eastern for more in these games visit nba.com for the nba app
964,4715.5,4718.219999999999,141465,141546,This has been a thriller here at the staple center
965,4718.7,4724.46,141561,141733,Anthony davis and the lakers came back from 13 down took a seven-point lead here in the fourth but step curry
966,4724.7,4727.5,141741,141825,Arrusting here with the fourth. He's got 35 for the game
967,4728.14,4730.14,141844,141904,And it's the warriors up three
968,4730.14,4734.54,141904,142036,and interestingly frank vogel decides to sit shrewder and
969,4735.16,4737.16,142054,142114,reinsert wesley matthews
970,4738.62,4744.46,142158,142333,I think it's the right move. Absolutely. They gotta make an adjustment because the warrior is clearing a side for curry
971,4744.86,4747.42,142345,142422,They have to recognize that defensively the lakers do
972,4748.22,4751.6,142446,142548,And be in position to help james looking to post up basemore
973,4751.6,4753.6,142548,142608,24
974,4753.84,4756.400000000001,142615,142692,Squares and faces seven on the shot clock
975,4757.04,4764.56,142711,142936,Wiggins looking to help james four on the 24 james jumper short rebound matthews back out to james
976,4764.72,4769.280000000001,142941,143078,Pass to caruso corner three side of the backboard and basemore gets the rebound
977,4771.200000000001,4774.320000000001,143136,143229,And I talked about it earlier wiggins forcing lebron into that shot
978,4774.56,4779.92,143236,143397,That's a shot you're willing to give up if you're the warriors defensively against a bigger stronger lebron
979,4780.24,4784.4800000000005,143407,143534,And caruso's defense forces the turnovers curry dribbles it out of bounds
980,4786.32,4788.4,143589,143652,And now so inside the davis the runner
981,4789.2,4794.0,143676,143820,"No good, but a foul that's absolutely inexcusable on a turnover. They didn't get matched up"
982,4794.24,4799.2,143827,143976,So green had to rotate to the wide open caruso and now davis gets fouled
983,4801.52,4805.52,144045,144165,So pool picks up his third and anthony davis will shoot free throws
984,4805.52,4812.1,144165,144363,"This two for two tonight, it's only 74% during the season"
985,4836.0,4842.400000000001,145080,145272,Uh big second half for davis only at five points at halftime
986,4843.6,4847.620000000001,145308,145428,18 in the second half one point game under two and a half remaining
987,4852.160000000001,4856.96,145564,145708,Curry on the drive the floater in the paint short wiggins tips it but right to davis
988,4858.4800000000005,4860.4800000000005,145754,145814,James running the floor
989,4860.56,4863.280000000001,145816,145898,Pass to caruso back to james and he's fouled
990,4864.0,4869.62,145920,146088,Draymond greed would not let him get a layup and james goes down holding his head
991,4873.28,4875.28,146198,146258,The officials discussing
992,4880.08,4882.58,146402,146477,And I think they're going to take a look at it to see if it's a flagrant
993,4882.58,4884.58,146477,146537,And
994,4888.98,4891.78,146669,146753,There's contact to the head of lebron james
995,4892.42,4895.62,146772,146868,It'd be interesting to see the conclusion that they come up with here
996,4895.62,4898.92,146868,146967,But there's clearly with the right hand of jaymond green to the head
997,4903.38,4910.84,147101,147325,Goes up the block. This is a huge call again because it will be free throws and possession and as green picks up his fourth personal
998,4913.38,4915.14,147401,147454,And
999,4915.14,4917.86,147454,147535,Clearly to me there was contact on the head according to the rule
1000,4917.94,4922.0199999999995,147538,147660,"But not everything to the head is a flagrant foul. You need to make up your mind, sir"
1001,4922.66,4926.82,147679,147804,"No, I I don't think it is one. I think it will be called one"
1002,4927.62,4931.62,147828,147948,and I hate when games are decided on these like
1003,4933.44,4939.54,148003,148186,Influenced by like these like they're trying to split the atom over there and just can we play ball?
1004,4939.62,4943.54,148188,148306,"This is a great game. Absolutely. You have covered every base by the way, my friend"
1005,4944.34,4946.34,148330,148390,Well done
1006,4946.34,4948.5,148390,148455,Well james obviously shaken up by the play
1007,4949.06,4950.0199999999995,148471,148500,so
1008,4950.0199999999995,4955.62,148500,148668,He's going to get two free throws and he's really get two free throws and will they get possession and he's smart enough to
1009,4956.58,4958.58,148697,148757,Make sure they know he's hurt
1010,4963.06,4965.94,148891,148978,I'm gonna name my next son john goble
1011,4966.5,4970.5,148995,149115,Thank you john bring some sanity back to the nba
1012,4971.62,4973.62,149148,149208,You know and again part of it
1013,4973.86,4975.86,149215,149275,It's just such a crucial call for
1014,4977.219999999999,4980.9,149316,149427,I mean he's looking he's going up to block the shot hands down. I think what steve said
1015,4981.46,4983.46,149443,149503,There's no wind up
1016,4983.78,4990.9,149513,149727,And the impact is because james comes into him and i'm not going to take i'm not going to explain myself to the whole la roster
1017,4992.259999999999,4993.78,149767,149813,Play ball
1018,4993.78,4995.78,149813,149873,Well james will get the two free throws
1019,4996.5,5001.379999999999,149895,150041,"I'm not good at ripley lip reading, but I think he just said something about"
1020,5002.0199999999995,5004.0199999999995,150060,150120,trouble seeing
1021,5007.7,5012.58,150231,150377,Though again as steve javis said it was an awkward fall and that made it look worse than it was
1022,5012.9,5014.9,150387,150447,"And apparently got poked in the eye, too"
1023,5015.94,5022.98,150478,150689,My only problem with it. It wasn't a contest to the basketball. It was a contest to the face because he can't jump as well
1024,5026.099999999999,5028.099999999999,150782,150842,So
1025,5028.98,5031.94,150869,150958,Ties the game with 207 remaining
1026,5032.9,5037.78,150987,151133,I've been there before squinting my eyes just in case I miss a free throw. So I have an excuse i've been there
1027,5042.099999999999,5046.74,151262,151402,Had a rough first half but has made huge plays here in the second half a triple double
1028,5048.099999999999,5050.099999999999,151442,151502,Misses the second
1029,5050.660000000001,5056.58,151519,151697,And a loose ball foul is going to go against lebron james jordan pool did a good job pursuing that rebound
1030,5058.5,5061.700000000001,151755,151851,And really you look right now both teams are shooting the rest of the way
1031,5062.18,5067.700000000001,151865,152031,"So if you're going to be physical defensive you have to be physical and disciplined also, but you don't give up free throws"
1032,5068.820000000001,5072.58,152064,152177,Each team with one timeout left and as mark said both teams in the penalty
1033,5072.98,5074.98,152189,152249,To
1034,5075.86,5077.86,152275,152335,Basemore to pool
1035,5077.86,5085.62,152335,152568,Wiggins green and curry and an offensive foul call on dream on green on the moving screen west matthews draws that turnover
1036,5087.7,5091.94,152631,152758,Steve kurr can't believe that call nor can green who picks up his fifth
1037,5095.46,5098.66,152863,152959,And that's not illegal screen to me that's west matthews selling the foul
1038,5099.86,5101.62,152995,153048,he's at an
1039,5101.62,5104.0199999999995,153048,153120,important impact on this second half
1040,5106.5,5108.9,153195,153267,Caldwell pope back up to james
1041,5110.26,5112.98,153307,153389,Wiggins has done an excellent job defensively on him tonight
1042,5113.54,5119.78,153406,153593,Shot clock at six james looking to get a running start now past to caruso caruso on the drive inside davis for the slam
1043,5120.98,5123.38,153629,153701,Lakers back up two with a minute and a half to play
1044,5124.099999999999,5126.36,153722,153790,And caruso has been outstanding outstanding
1045,5127.54,5129.54,153826,153886,great find
1046,5130.1,5135.94,153903,154078,Curry the drive looking to draw contact and he does but they say before the shot doesn't matter they're in the penalty
1047,5137.22,5141.06,154116,154231,So two free throws for curry to tie the game with 123 left
1048,5141.22,5147.46,154236,154423,"Well, they go back to putting step curry into the pick and roll knowing they don't want to switch it james came off"
1049,5147.78,5149.78,154433,154493,touched it to caruso who just
1050,5150.0199999999995,5153.14,154500,154594,Caught it on a stampede to the basket and dropped it off
1051,5153.7,5157.94,154611,154738,To davis well anthony davis who had an awful first half
1052,5158.74,5161.219999999999,154762,154836,Has come alive 25 points including
1053,5163.299999999999,5169.62,154898,155088,13 here in the fourth quarter as curry hits the free throw and played 41 minutes so far
1054,5171.219999999999,5178.099999999999,155136,155342,12 rebounds as well and has made some excellent defensive plays in the second half this game has been so much about defense
1055,5178.419999999999,5180.419999999999,155352,155412,from both teams
1056,5183.379999999999,5185.379999999999,155501,155561,Curry ties the game
1057,5185.38,5187.38,155561,155621,37 points for step curry
1058,5198.34,5202.18,155950,156065,They get it to call well pope almost lost it shot clock at seven
1059,5202.66,5209.06,156079,156271,James two defenders on him to call well pope inside. He's tied up by green throws it back up top james puts up the three
1060,5209.7,5212.9800000000005,156291,156389,"Oh, it's gone lebron james from downtown"
1061,5212.98,5214.98,156389,156449,As the shot clock expires
1062,5218.099999999999,5221.379999999999,156542,156641,A desperation heave and the lakers are up three
1063,5225.54,5232.66,156766,156979,Green back to curry curry sets leans in knocked away get it back from curry shot clock at seven
1064,5235.299999999999,5238.74,157058,157162,Basemore on the drive kicks it out pull for three
1065,5239.54,5241.54,157186,157246,James the rebound
1066,5242.18,5244.82,157265,157344,James the rebound with 32 seconds remaining
1067,5245.78,5250.0199999999995,157373,157500,There's about a 10 second different shot clock and game clock. They don't have to foul
1068,5253.86,5256.74,157615,157702,I'm lebron james. I'm putting my head down and attacking
1069,5258.82,5262.0199999999995,157764,157860,Lost the ball gets it back matthews for three
1070,5263.22,5268.66,157896,158059,Fight for the rebound tipped twice picked up by pull 10 seconds remaining. I'm gonna foul
1071,5268.74,5272.82,158062,158184,"I'm not letting them shoot a three they have a timeout left, but we'll call it here"
1072,5273.3,5278.42,158199,158352,Curse trying to call it and finally he gets it steve curr came to half court
1073,5278.74,5281.46,158362,158443,The officials couldn't see him or clearly couldn't hear him
1074,5282.18,5285.38,158465,158561,And he gets the timeout with 2.1 remaining
1075,5286.099999999999,5289.7,158582,158691,We'll see if the officials look to see to perhaps put more time on the clock
1076,5292.58,5298.5,158777,158955,They got a great look the last time by jordan pool in the corner off a nice pass by basemore
1077,5298.66,5300.66,158959,159019,That's a good one
1078,5302.66,5307.48,159079,159224,Lebron james with the three-pointer had to throw it up the shot clock was expiring
1079,5310.66,5314.099999999999,159319,159422,It's a big-time shot awful execution
1080,5315.0599999999995,5318.42,159451,159552,Realizes that the clock dwindling down the good chase down by curry and
1081,5319.139999999999,5320.58,159574,159617,lebron
1082,5320.58,5325.46,159617,159763,Elevates and knocks down the biggest shot of the night. That's a 30 footer and you see curry
1083,5325.94,5334.66,159778,160039,Who's had that look on opponent's faces after he knocks down threes the same look as lebron james with a clutch shot
1084,5338.58,5344.42,160157,160332,Still talking about his difficulty seeing after taking that shot in the face from draymond green
1085,5345.46,5347.46,160363,160423,"all right guys, obviously"
1086,5347.7,5351.46,160431,160543,golden state needs a three-pointer here to try and force overtime
1087,5352.18,5356.34,160565,160690,"And for the lakers there's not enough time for them to foul and not allow a three-pointer, correct?"
1088,5356.66,5358.66,160699,160759,It depends on where the ball is caught
1089,5359.62,5361.62,160788,160848,And in what position?
1090,5362.02,5364.18,160860,160925,I wouldn't be surprised if curry
1091,5365.3,5367.7,160959,161031,Is used to try to free somebody else up
1092,5368.58,5372.1,161057,161163,because of team's natural reaction to him
1093,5372.82,5379.06,161184,161371,No matter what type of cut he makes and that guy defending the basketball in lebron james in this scenario
1094,5379.46,5381.46,161383,161443,I'd keep my eyes on curry
1095,5382.580000000001,5384.580000000001,161477,161537,Days more to inbound
1096,5384.9800000000005,5388.660000000001,161549,161659,Pool coming free curry trying to get free lost the ball. That's it
1097,5389.54,5391.54,161686,161746,The lakers are in the playoffs
1098,5392.580000000001,5397.160000000001,161777,161914,The warriors need to play on friday. What a thriller here at the staple center
1099,5397.16,5399.16,161914,161974,Yeah
1100,5408.68,5414.36,162260,162430,Now I want to show these two stars put on tonight lebron james with his vision
1101,5417.24,5423.96,162517,162718,Bothered after that shot from draymond green hits the desperation heave that proved to be the game winner
1102,5423.96,5427.96,162718,162838,Here off setting the 37 points from steph curry
1103,5430.2,5432.68,162906,162980,Lakers will play phoenix on sunday
1104,5434.2,5441.34,163026,163240,The warriors will play the grizzlies on friday night to keep their season alive and the respect from the two former mvps
1105,5446.84,5449.08,163405,163472,The warriors with an opportunity but
1106,5449.88,5455.18,163496,163655,A defensive play ends this one and that's perhaps appropriate with all the terrific defense we saw tonight
1107,5459.88,5462.44,163796,163873,This is he didn't even catch it in rhythm
1108,5464.76,5469.16,163942,164074,That's just unbelievable just as the shot clock expired and he was blind
1109,5472.6,5473.5599999999995,164178,164206,James
1110,5473.5599999999995,5476.28,164206,164288,with 22 points 11 rebounds 10 assists
1111,5477.0,5480.44,164310,164413,And the game-winning three-pointer is with rachel
1112,5481.4,5482.74,164442,164482,Lebron
1113,5482.74,5487.5599999999995,164482,164626,Congratulations on the win nice little celebration there with anthony davis
1114,5489.16,5491.16,164674,164734,"Yes, sir, you already know"
1115,5491.719999999999,5497.48,164751,164924,What does this mean to you guys to be officially in the play-in bracket and the playoff bracket and to do it with this kind
1116,5497.5599999999995,5503.0,164926,165090,Of win tonight over a team that has really been such a huge rival for you over the second half of your career
1117,5503.72,5506.28,165111,165188,"Well, I mean going into the postseason I think it's two of the hottest teams"
1118,5506.36,5509.88,165190,165296,I think we were winner of five they were winner of seven or eight or whatever the case may be
1119,5510.44,5515.24,165313,165457,So both teams playing at a high level and we knew that they're going to come up to our floor and give everything they had
1120,5515.96,5519.64,165478,165589,"Um, you know, they hit us in the mouth in the first half and we just had to respond and we did that on"
1121,5520.12,5525.88,165603,165776,"Defensive end and got some great contributions from guys off the bench. Um, and we all you know chipped in for this winner"
1122,5526.36,5532.2,165790,165966,We got to talk about that shot you hit with about a minute left the three you didn't even look in rhythm there
1123,5532.2,5534.2,165966,166026,What were you thinking as the ball left your hands?
1124,5534.76,5536.76,166042,166102,"um, you know just um"
1125,5537.5599999999995,5539.639999999999,166126,166189,"I put in a lot of work in my game, you know"
1126,5540.36,5545.88,166210,166376,"You know after you know, drape my finger to the eye. I was literally seeing three, uh, three rims out there"
1127,5546.5199999999995,5550.44,166395,166513,"um, so I just shot at the middle one and uh, and I was able to uh,"
1128,5551.0,5553.0,166530,166590,To the grace of the man above I was able to knock it down
1129,5553.72,5556.12,166611,166683,When in doubt go for the middle rim
1130,5556.76,5560.36,166702,166810,What did it feel like when you were down there on the floor when you took that hard fall?
1131,5560.36,5563.5599999999995,166810,166906,Were you worried that you wouldn't be able to continue in the game or have more problems?
1132,5564.36,5566.36,166930,166990,"You know, i've been there before"
1133,5566.599999999999,5570.44,166997,167113,"Um, you know, i've been poked an eye before you know on a rim collision like that. So"
1134,5571.0,5574.599999999999,167130,167237,"Just try to keep my composure, you know, it's gonna be pretty sore tonight. I know that for sure"
1135,5575.32,5577.48,167259,167324,But we have a few days until we do until we know
1136,5578.12,5580.04,167343,167401,"when we'll go to phoenix, but"
1137,5580.04,5583.24,167401,167497,It's a big time win for us and I definitely wasn't leaving the floor no matter if I had to
1138,5583.799999999999,5586.759999999999,167513,167602,"Uh, you know put a pirate uh patch in my eyes. So"
1139,5587.639999999999,5589.639999999999,167629,167689,I love this team. I love to compete
1140,5590.12,5592.84,167703,167785,One big rivalry down with this win tonight
1141,5592.84,5595.96,167785,167878,But you've got another one to go with an old friend in chris paul
1142,5596.04,5600.4400000000005,167881,168013,You mentioned going to phoenix and facing the sons. What do you think that matchup is going to be like?
1143,5601.08,5604.92,168032,168147,"um, you know, they played extremely well all year and they deserve to uh,"
1144,5605.4800000000005,5607.4800000000005,168164,168224,"You know host, uh, you know"
1145,5607.56,5609.4800000000005,168226,168284,home court in the first round
1146,5609.4800000000005,5612.280000000001,168284,168368,"And uh cp, uh, you know played at an mvp"
1147,5613.08,5615.0,168392,168450,Caliber year all year
1148,5615.64,5620.12,168469,168603,You know aiden has grown all year and they've given those guys a supporting cast around them. So
1149,5620.68,5623.72,168620,168711,"You know, uh, we know what we're going to get out of cp. We know how good"
1150,5624.2,5627.08,168726,168812,"Uh, you know how great cp is how great book is"
1151,5627.72,5630.28,168831,168908,"Upcoming surgeons from um, you know from aiden"
1152,5631.08,5635.16,168932,169054,"You know, but it's the other guys as well that we got to make sure we can on because they've been playing extremely well"
1153,5635.24,5640.6,169057,169218,All year and that's why they've been the second best team in the west. Thank you so much lebron. Congratulations. We'll see you in phoenix
